file,expected,predicted,score,match
D・ビィ.png,D・ビィ,D・ビィ,96,True
SSR武器一覧.png,SSR武器一覧,SSR武器一覧,500,True
S・D.png,S・D,S・D,60,True
くるりん祈願の金箱御守り.png,くるりん祈願の金箱御守り,くるりん祈願の金箱御守り,65,True
こっこランタン.jpg,こっこランタン,こっこランタン,28,True
とんがり帽子の黒猫.jpg,とんがり帽子の黒猫,とんがり帽子の黒猫,45,True
ねこの正礼装.jpg,ねこの正礼装,ねこの正礼装,46,True
ぴにゃの書.png,ぴにゃの書,ぴにゃの書,76,True
もぐら座旗.jpg,もぐら座旗,もぐら座旗,52,True
アイオーン.png,アイオーン,アイオーン,61,True
アイスクレイモア.png,アイスクレイモア,アイスクレイモア,84,True
アイン・ソフ.png,アイン・ソフ,アイン・ソフ,52,True
アウギュステ記念晶杖.png,アウギュステ記念晶杖,アウギュステ記念晶杖,64,True
アエトス・オブ・ワールド.jpg,アエトス・オブ・ワールド,アエトス・オブ・ワールド,71,True
アガルタ猟団制式短剣.jpg,アガルタ猟団制式短剣,アガルタ猟団制式短剣,67,True
アゴナイズ.png,アゴナイズ,アゴナイズ,24,True
アサルトライフル・汎人用.jpg,アサルトライフル・汎人用,アサルトライフル・汎人用,34,True
アシッドボルト.png,アシッドボルト,アシッドボルト,79,True
アシュケロン.png,アシュケロン,アシュケロン,27,True
アシュケロン・ウヌ.png,アシュケロン・ウヌ,アシュケロン・ウヌ,24,True
アシュケロン・クヴァール.png,アシュケロン・クヴァール,アシュケロン・クヴァール,21,True
アシュケロン・クヴィン.png,アシュケロン・クヴィン,アシュケロン・クヴィン,21,True
アシュケロン・セス.png,アシュケロン・セス,アシュケロン・セス,27,True
アシュケロン・トリ.png,アシュケロン・トリ,アシュケロン・トリ,22,True
アシュケロン・ドゥ.png,アシュケロン・ドゥ,アシュケロン・ドゥ,25,True
アシュケロン・リビルド.png,アシュケロン・リビルド,アシュケロン・リビルド,27,True
アスカロン.png,アスカロン,アスカロン,74,True
アスクレピオスの杖.png,アスクレピオスの杖,アスクレピオスの杖,61,True
アストロモデル.jpg,アストロモデル,アストロモデル,85,True
アゾット.png,アゾット,アゾット,64,True
アッキヌフォート.png,アッキヌフォート,アッキヌフォート,45,True
アックスガール・アックス.png,アックスガール・アックス,アックスガール・アックス,58,True
アッズーロ・コルダ.jpg,アッズーロ・コルダ,アッズーロ・コルダ,76,True
アトランティス.jpg,アトランティス,アトランティス,83,True
アトロシウスブラッド.jpg,アトロシウスブラッド,アトロシウスブラッド,79,True
アドヴォケイト.png,アドヴォケイト,アドヴォケイト,61,True
アナザースカイ.png,アナザースカイ,アナザースカイ,69,True
アネモイの銀琴.png,アネモイの銀琴,アネモイの銀琴,47,True
アビスストライカー.png,アビスストライカー,アビスストライカー,50,True
アビススパイン.png,アビススパイン,アビススパイン,48,True
アビスルック.png,アビスルック,アビスルック,89,True
アビュドス.jpg,アビュドス,アビュドス,54,True
アブシンベル.jpg,アブシンベル,アブシンベル,42,True
アマク・オン・オロド.jpg,アマク・オン・オロド,アマク・オン・オロド,34,True
アマラントス.jpg,アマラントス,アマラントス,85,True
アミュナ・サイフォス.jpg,アミュナ・サイフォス,アミュナ・サイフォス,38,True
アヤの弓.png,アヤの弓,アヤの弓,63,True
アラクネ.png,アラクネ,アラクネ,48,True
アラベスク.png,アラベスク,アラベスク,77,True
アラベスク・ウヌ.png,アラベスク・ウヌ,アラベスク・ウヌ,66,True
アラベスク・クヴァール.png,アラベスク・クヴァール,アラベスク・クヴァール,73,True
アラベスク・クヴィン.png,アラベスク・クヴィン,アラベスク・クヴィン,73,True
アラベスク・セス.png,アラベスク・セス,アラベスク・セス,64,True
アラベスク・トリ.png,アラベスク・トリ,アラベスク・トリ,72,True
アラベスク・ドゥ.png,アラベスク・ドゥ,アラベスク・ドゥ,64,True
アラベスク・リビルド.png,アラベスク・リビルド,アラベスク・リビルド,77,True
アリトリエ.jpg,アリトリエ,アリトリエ,51,True
アルカブ.png,アルカブ,アルカブ,92,True
アルカブ・プリオル.png,アルカブ・プリオル,アルカブ・プリオル,106,True
アルカブ・プリオル・ミーレス.jpg,アルカブ・プリオル・ミーレス,アルカブ・プリオル・ミーレス,102,True
アルカン・ルージュ.jpg,アルカン・ルージュ,アルカン・ルージュ,24,True
アルジュナン・ボウ.png,アルジュナン・ボウ,アルジュナン・ボウ,35,True
アルスターボウ.jpg,アルスターボウ,アルスターボウ,30,True
アルセーヌ.png,アルセーヌ,アルセーヌ,69,True
アルテミスボウ.png,アルテミスボウ,アルテミスボウ,52,True
アルト・ナーゲル.jpg,アルト・ナーゲル,アルト・ナーゲル,115,True
アルバコアブレード.png,アルバコアブレード,アルバコアブレード,69,True
アルバコアボディ.jpg,アルバコアボディ,アルバコアボディ,78,True
アルベス・デミクロン.png,アルベス・デミクロン,アルベス・デミクロン,25,True
アルベス・レプリカ.png,アルベス・レプリカ,アルベス・レプリカ,31,True
アロー・オブ・コスモス.png,アロー・オブ・コスモス,アロー・オブ・コスモス,43,True
アワリティアスピア.png,アワリティアスピア,アワリティアスピア,56,True
アンゲルス・オブ・ワールド.jpg,アンゲルス・オブ・ワールド,アンゲルス・オブ・ワールド,106,True
アンダン・ポーラーセクター.jpg,アンダン・ポーラーセクター,アンダン・ポーラーセクター,31,True
アントウェルペン.png,アントウェルペン,アントウェルペン,51,True
アンドロメダ.jpg,アンドロメダ,アンドロメダ,92,True
アンノウンスタンプ.png,アンノウンスタンプ,アンノウンスタンプ,56,True
アンノウンソード.png,アンノウンソード,アンノウンソード,36,True
アンノウンワンド.png,アンノウンワンド,アンノウンワンド,43,True
アヴェンジャー.png,アヴェンジャー,アヴェンジャー,63,True
アヴェンジャー・ウヌ.png,アヴェンジャー・ウヌ,アヴェンジャー・ウヌ,61,True
アヴェンジャー・クヴァール.png,アヴェンジャー・クヴァール,アヴェンジャー・クヴァール,55,True
アヴェンジャー・クヴィン.png,アヴェンジャー・クヴィン,アヴェンジャー・クヴィン,63,True
アヴェンジャー・セス.png,アヴェンジャー・セス,アヴェンジャー・セス,65,True
アヴェンジャー・トリ.png,アヴェンジャー・トリ,アヴェンジャー・トリ,62,True
アヴェンジャー・ドゥ.png,アヴェンジャー・ドゥ,アヴェンジャー・ドゥ,65,True
アヴェンジャー・リビルド.png,アヴェンジャー・リビルド,アヴェンジャー・リビルド,62,True
アーキテクトベース.png,アーキテクトベース,アーキテクトベース,71,True
アーク.png,アーク,アーク,27,True
アークゥイバス・ラフィネス.jpg,アークゥイバス・ラフィネス,アークゥイバス・ラフィネス,62,True
アーソン・ブレイズ.jpg,アーソン・ブレイズ,アーソン・ブレイズ,43,True
イイルクーン.png,イイルクーン,イイルクーン,49,True
イクサバ.png,イクサバ,イクサバ,22,True
イシェド.jpg,イシェド,イシェド,78,True
イシュクルシャフト.png,イシュクルシャフト,イシュクルシャフト,70,True
イシュタル.png,イシュタル,イシュタル,59,True
イノセント・フィギュア.png,イノセント・フィギュア,イノセント・フィギュア,38,True
イノセント・ラヴ.png,イノセント・ラヴ,イノセント・ラヴ,97,True
イフリートハルベルト.png,イフリートハルベルト,イフリートハルベルト,38,True
イペタム.png,イペタム,イペタム,55,True
イペタム・ウヌ.png,イペタム・ウヌ,イペタム・ウヌ,53,True
イペタム・クヴァール.png,イペタム・クヴァール,イペタム・クヴァール,54,True
イペタム・クヴィン.png,イペタム・クヴィン,イペタム・クヴィン,52,True
イペタム・セス.png,イペタム・セス,イペタム・セス,58,True
イペタム・トリ.png,イペタム・トリ,イペタム・トリ,54,True
イペタム・ドゥ.png,イペタム・ドゥ,イペタム・ドゥ,57,True
イペタム・リビルド.png,イペタム・リビルド,イペタム・リビルド,56,True
イマジナリーナックル.jpg,イマジナリーナックル,イマジナリーナックル,55,True
イリュージョンセプター.png,イリュージョンセプター,イリュージョンセプター,26,True
インサイテッドランス.jpg,インサイテッドランス,インサイテッドランス,47,True
インドラリム.png,インドラリム,インドラリム,51,True
インドラリム・ミーレス.jpg,インドラリム・ミーレス,インドラリム・ミーレス,47,True
インフェルノリークス.png,インフェルノリークス,インフェルノリークス,111,True
イーウィヤビーク.png,イーウィヤビーク,イーウィヤビーク,74,True
イーリアスボウ.png,イーリアスボウ,イーリアスボウ,25,True
ウアス・セプトラ.jpg,ウアス・セプトラ,ウアス・セプトラ,35,True
ウィッチブルーム.png,ウィッチブルーム,ウィッチブルーム,41,True
ウィルナスフィンガー.png,ウィルナスフィンガー,ウィルナスフィンガー,110,True
ウィルナス・オー・ランタン.jpg,ウィルナス・オー・ランタン,ウィルナス・オー・ランタン,44,True
ウィルムスウォード.png,ウィルムスウォード,ウィルムスウォード,59,True
ウィーブルロッド.png,ウィーブルロッド,ウィーブルロッド,51,True
ウェルギリウス.png,ウェルギリウス,ウェルギリウス,24,True
ウェールズフラッグ.jpg,ウェールズフラッグ,ウェールズフラッグ,56,True
ウコンバサラ.png,ウコンバサラ,ウコンバサラ,66,True
ウシュムガル.png,ウシュムガル,ウシュムガル,55,True
ウットリュフ串.png,ウットリュフ串,ウットリュフ串,46,True
ウニウス.png,ウニウス,ウニウス,63,True
ウラエウス.jpg,ウラエウス,ウラエウス,55,True
ウルジュワーニー.jpg,ウルジュワーニー,ウルジュワーニー,52,True
ウルスラグローブ.jpg,ウルスラグローブ,ウルスラグローブ,58,True
ウルツァイトサイズ.png,ウルツァイトサイズ,ウルツァイトサイズ,32,True
ウルレ・ラム.jpg,ウルレ・ラム,ウルレ・ラム,18,True
ウロボロス.png,ウロボロス,ウロボロス,67,True
ウロボロス・オリジン.png,ウロボロス・オリジン,ウロボロス・オリジン,67,True
ウロボロス・メビウス.jpg,ウロボロス・メビウス,ウロボロス・メビウス,90,True
ウン・ハイル.png,ウン・ハイル,ウン・ハイル,61,True
ウーチンフィスト.png,ウーチンフィスト,ウーチンフィスト,89,True
エウリピデス.png,エウリピデス,エウリピデス,87,True
エウリュトスボウ.png,エウリュトスボウ,エウリュトスボウ,50,True
エキササイズ・リース.jpg,エキササイズ・リース,エキササイズ・リース,60,True
エクセキューショナー.jpg,エクセキューショナー,エクセキューショナー,63,True
エスカラスハープ.png,エスカラスハープ,エスカラスハープ,79,True
エスナ.jpg,エスナ,エスナ,28,True
エターナル・ラヴ.png,エターナル・ラヴ,エターナル・ラヴ,56,True
エッケザックス.png,エッケザックス,エッケザックス,64,True
エッタマク・イオ.jpg,エッタマク・イオ,エッタマク・イオ,43,True
エデソ.jpg,エデソ,エデソ,33,True
エデン.png,エデン,エデン,34,True
エビスプレッダー.png,エビスプレッダー,エビスプレッダー,89,True
エフェス.jpg,エフェス,エフェス,43,True
エペ・サンティユモン.jpg,エペ・サンティユモン,エペ・サンティユモン,57,True
エムブラスク・デミクロン.png,エムブラスク・デミクロン,エムブラスク・デミクロン,43,True
エムブラスク・レプリカ.png,エムブラスク・レプリカ,エムブラスク・レプリカ,41,True
エリクトニオス.png,エリクトニオス,エリクトニオス,36,True
エリクトニオス・ミーレス.jpg,エリクトニオス・ミーレス,エリクトニオス・ミーレス,44,True
エルケーニヒ・アウスヴァイス.jpg,エルケーニヒ・アウスヴァイス,エルケーニヒ・アウスヴァイス,44,True
エレシュキガル.jpg,エレシュキガル,エレシュキガル,46,True
エンシェントバンテージ.png,エンシェントバンテージ,エンシェントバンテージ,104,True
エーケイ・フォーエイ.png,エーケイ・フォーエイ,エーケイ・フォーエイ,55,True
エーテリアルボウ.png,エーテリアルボウ,エーテリアルボウ,46,True
オフィーリア.png,オフィーリア,オフィーリア,102,True
オブシダンソード.png,オブシダンソード,オブシダンソード,53,True
オベロン.png,オベロン,オベロン,73,True
オリバー.png,オリバー,オリバー,50,True
オリバー・ウヌ.png,オリバー・ウヌ,オリバー・ウヌ,60,True
オリバー・クヴァール.png,オリバー・クヴァール,オリバー・クヴァール,49,True
オリバー・クヴィン.png,オリバー・クヴィン,オリバー・クヴィン,51,True
オリバー・セス.png,オリバー・セス,オリバー・セス,58,True
オリバー・トリ.png,オリバー・トリ,オリバー・トリ,55,True
オリバー・ドゥ.png,オリバー・ドゥ,オリバー・ドゥ,56,True
オリバー・リビルド.png,オリバー・リビルド,オリバー・リビルド,53,True
オルレアン・フラッグ.png,オルレアン・フラッグ,オルレアン・フラッグ,82,True
オンリー・プリティ・ガール.png,オンリー・プリティ・ガール,オンリー・プリティ・ガール,83,True
オーシャンクライン.jpg,オーシャンクライン,オーシャンクライン,32,True
オーシャンハープ.png,オーシャンハープ,オーシャンハープ,59,True
オーダーブリンガー.jpg,オーダーブリンガー,オーダーブリンガー,83,True
オートクレール.png,オートクレール,オートクレール,46,True
オートルフォア・エペ.jpg,オートルフォア・エペ,オートルフォア・エペ,28,True
オーナメントパドル.jpg,オーナメントパドル,オーナメントパドル,63,True
オーバーライド.jpg,オーバーライド,オーバーライド,48,True
オーラフラジェルム.png,オーラフラジェルム,オーラフラジェルム,25,True
オールド・アルテミスボウ.png,オールド・アルテミスボウ,オールド・アルテミスボウ,53,True
オールド・エッケザックス.png,オールド・エッケザックス,オールド・エッケザックス,60,True
オールド・オベロン.png,オールド・オベロン,オールド・オベロン,73,True
オールド・コルタナ.png,オールド・コルタナ,オールド・コルタナ,54,True
オールド・ナラクーバラ.png,オールド・ナラクーバラ,オールド・ナラクーバラ,57,True
オールド・ペルセウス.png,オールド・ペルセウス,オールド・ペルセウス,77,True
オーロラボウ.png,オーロラボウ,オーロラボウ,26,True
カエールベル.png,カエールベル,カエールベル,92,True
カシウスの槍・汎人用.jpg,カシウスの槍・汎人用,カシウスの槍・汎人用,21,True
カピラヴァストゥ.png,カピラヴァストゥ,カピラヴァストゥ,31,True
カピラヴァストゥ・ウヌ.png,カピラヴァストゥ・ウヌ,カピラヴァストゥ・ウヌ,30,True
カピラヴァストゥ・クヴァール.png,カピラヴァストゥ・クヴァール,カピラヴァストゥ・クヴァール,31,True
カピラヴァストゥ・クヴィン.png,カピラヴァストゥ・クヴィン,カピラヴァストゥ・クヴィン,29,True
カピラヴァストゥ・セス.png,カピラヴァストゥ・セス,カピラヴァストゥ・セス,34,True
カピラヴァストゥ・トリ.png,カピラヴァストゥ・トリ,カピラヴァストゥ・トリ,32,True
カピラヴァストゥ・ドゥ.png,カピラヴァストゥ・ドゥ,カピラヴァストゥ・ドゥ,32,True
カピラヴァストゥ・リビルド.png,カピラヴァストゥ・リビルド,カピラヴァストゥ・リビルド,32,True
カマソッツ.jpg,カマソッツ,カマソッツ,71,True
カラダンダ.png,カラダンダ,カラダンダ,79,True
カラドボルグ.png,カラドボルグ,カラドボルグ,63,True
カルンウェナン.png,カルンウェナン,カルンウェナン,73,True
カ・プア・ウイ.png,カ・プア・ウイ,カ・プア・ウイ,49,True
カースドブレイド.png,カースドブレイド,カースドブレイド,52,True
カーラウロプス.png,カーラウロプス,カーラウロプス,24,True
ガストラフェテス.png,ガストラフェテス,ガストラフェテス,75,True
ガチャッティ.png,ガチャッティ,ガチャッティ,54,True
ガラン・ビペンヌ.jpg,ガラン・ビペンヌ,ガラン・ビペンヌ,71,True
ガリレオ・サイト.png,ガリレオ・サイト,ガリレオ・サイト,35,True
ガルガンチュア.png,ガルガンチュア,ガルガンチュア,34,True
ガレヲンジョー.png,ガレヲンジョー,ガレヲンジョー,80,True
ガレヲン・フロート.jpg,ガレヲン・フロート,ガレヲン・フロート,37,True
ガントレット・オブ・コスモス.png,ガントレット・オブ・コスモス,ガントレット・オブ・コスモス,100,True
ガンドリン.png,ガンドリン,ガンドリン,78,True
ガンバンテイン.png,ガンバンテイン,ガンバンテイン,23,True
ガン・オブ・コスモス.png,ガン・オブ・コスモス,ガン・オブ・コスモス,52,True
ガーリッシュドルチェ.jpg,ガーリッシュドルチェ,ガーリッシュドルチェ,63,True
ガーンディーヴァ.png,ガーンディーヴァ,ガーンディーヴァ,41,True
キス・オブ・ザ・デビル.png,キス・オブ・ザ・デビル,キス・オブ・ザ・デビル,92,True
キタラアングリカ.png,キタラアングリカ,キタラアングリカ,39,True
キック力増強シューズ.png,キック力増強シューズ,キック力増強シューズ,90,True
キャットテイル.png,キャットテイル,キャットテイル,54,True
キャピュレティオウス.png,キャピュレティオウス,キャピュレティオウス,30,True
キュートアップブラシ.jpg,キュートアップブラシ,キュートアップブラシ,37,True
キング・ア・スラスト.jpg,キング・ア・スラスト,キング・ア・スラスト,66,True
ギガントアームズ.png,ギガントアームズ,ギガントアームズ,48,True
ギガントスライサー.png,ギガントスライサー,ギガントスライサー,33,True
ギガントナックル.png,ギガントナックル,ギガントナックル,129,True
ギガントブレイダー.png,ギガントブレイダー,ギガントブレイダー,29,True
ギャラクティカインパクト.png,ギャラクティカインパクト,ギャラクティカインパクト,63,True
ギュムノートゥス.png,ギュムノートゥス,ギュムノートゥス,58,True
クフア・レイオマノ.png,クフア・レイオマノ,クフア・レイオマノ,65,True
クラッシュ・オブ・ザ・タワー.png,クラッシュ・オブ・ザ・タワー,クラッシュ・オブ・ザ・タワー,72,True
クラブクラブ.png,クラブクラブ,クラブクラブ,47,True
クラリオン.png,クラリオン,クラリオン,79,True
クラーケンクラブ.jpg,クラーケンクラブ,クラーケンクラブ,40,True
クリスタルベルフラワー.png,クリスタルベルフラワー,クリスタルベルフラワー,86,True
クリスタルルーン.png,クリスタルルーン,クリスタルルーン,40,True
クリスマスワンド.png,クリスマスワンド,クリスマスワンド,31,True
クリムゾンスケイル.jpg,クリムゾンスケイル,クリムゾンスケイル,40,True
クリムゾンスティンガー.jpg,クリムゾンスティンガー,クリムゾンスティンガー,92,True
クリムゾンフィンガー.png,クリムゾンフィンガー,クリムゾンフィンガー,90,True
クリーピィクロウ.jpg,クリーピィクロウ,クリーピィクロウ,39,True
クレイヴ・ソリッシュ.png,クレイヴ・ソリッシュ,クレイヴ・ソリッシュ,100,True
クレティネ.png,クレティネ,クレティネ,24,True
クークヴァーギア・ミーレス.jpg,クークヴァーギア・ミーレス,クークヴァーギア・ミーレス,74,True
グシスナウタル.jpg,グシスナウタル,グシスナウタル,35,True
グラッドアイ.png,グラッドアイ,グラッドアイ,77,True
グラッドビーク.jpg,グラッドビーク,グラッドビーク,69,True
グラナート・オブ・ウェールズ.png,グラナート・オブ・ウェールズ,グラナート・オブ・ウェールズ,77,True
グラム.png,グラム,グラム,49,True
グランテピエ.png,グランテピエ,グランテピエ,14,True
グラーシーザー.png,グラーシーザー,グラーシーザー,39,True
グリダーヴォル.png,グリダーヴォル,グリダーヴォル,54,True
グリンブルスティ.jpg,グリンブルスティ,グリンブルスティ,82,True
グレイシャル・ミーレス.jpg,グレイシャル・ミーレス,グレイシャル・ミーレス,56,True
グレイプニル.png,グレイプニル,グレイプニル,71,True
グレートスピア.png,グレートスピア,グレートスピア,55,True
グロウノス・デミクロン.png,グロウノス・デミクロン,グロウノス・デミクロン,32,True
グローブ・オブ・ウリエル.png,グローブ・オブ・ウリエル,グローブ・オブ・ウリエル,96,True
グングニル.png,グングニル,グングニル,18,True
ケペシュ.png,ケペシュ,ケペシュ,50,True
ケラウノス.png,ケラウノス,ケラウノス,36,True
ケラウノス・ウヌ.png,ケラウノス・ウヌ,ケラウノス・ウヌ,41,True
ケラウノス・クヴァール.png,ケラウノス・クヴァール,ケラウノス・クヴァール,40,True
ケラウノス・クヴィン.png,ケラウノス・クヴィン,ケラウノス・クヴィン,38,True
ケラウノス・セス.png,ケラウノス・セス,ケラウノス・セス,42,True
ケラウノス・トリ.png,ケラウノス・トリ,ケラウノス・トリ,45,True
ケラウノス・ドゥ.png,ケラウノス・ドゥ,ケラウノス・ドゥ,46,True
ケラウノス・リビルド.png,ケラウノス・リビルド,ケラウノス・リビルド,40,True
ケラク.png,ケラク,ケラク,33,True
ケルベロス・オーダー.png,ケルベロス・オーダー,ケルベロス・オーダー,64,True
ケーリュケイオン.png,ケーリュケイオン,ケーリュケイオン,37,True
ケーン・オブ・シャイニー.jpg,ケーン・オブ・シャイニー,ケーン・オブ・シャイニー,54,True
ゲイアサイル.png,ゲイアサイル,ゲイアサイル,27,True
ゲイダーグ.png,ゲイダーグ,ゲイダーグ,45,True
ココ&ミミ.png,ココ&ミミ,ココ&ミミ,74,True
コニファラス.png,コニファラス,コニファラス,48,True
コマンダーピストル.png,コマンダーピストル,コマンダーピストル,79,True
コムラビ.png,コムラビ,コムラビ,63,True
コルクバレットシューター.jpg,コルクバレットシューター,コルクバレットシューター,67,True
コルタナ.png,コルタナ,コルタナ,60,True
コロッサスカービン・マグナ.png,コロッサスカービン・マグナ,コロッサスカービン・マグナ,43,True
コロッサスケーン・イラ.jpg,コロッサスケーン・イラ,コロッサスケーン・イラ,96,True
コロッサスケーン・マグナ.png,コロッサスケーン・マグナ,コロッサスケーン・マグナ,46,True
コロッサスバスター・イラ.jpg,コロッサスバスター・イラ,コロッサスバスター・イラ,77,True
コロッサスフィスト・マグナ.png,コロッサスフィスト・マグナ,コロッサスフィスト・マグナ,84,True
コロッサスブレード・マグナ.png,コロッサスブレード・マグナ,コロッサスブレード・マグナ,22,True
コロッサスボンバー・イラ.jpg,コロッサスボンバー・イラ,コロッサスボンバー・イラ,77,True
コロンバ.png,コロンバ,コロンバ,52,True
コンコルディア.jpg,コンコルディア,コンコルディア,73,True
コンテネレッツァ.jpg,コンテネレッツァ,コンテネレッツァ,38,True
コーデックス・オブ・マナリア.jpg,コーデックス・オブ・マナリア,コーデックス・オブ・マナリア,98,True
コートシップ・ブーケ.png,コートシップ・ブーケ,コートシップ・ブーケ,91,True
コールブランド.jpg,コールブランド,コールブランド,30,True
ゴシックカトラリー.png,ゴシックカトラリー,ゴシックカトラリー,78,True
ゴットフリート.png,ゴットフリート,ゴットフリート,47,True
ゴッド・アドヴェント.png,ゴッド・アドヴェント,ゴッド・アドヴェント,52,True
ゴトルベルケーン.png,ゴトルベルケーン,ゴトルベルケーン,49,True
ゴライコウ.png,ゴライコウ,ゴライコウ,36,True
ゴールデンエビスプレッダー.png,ゴールデンエビスプレッダー,ゴールデンエビスプレッダー,96,True
ゴールデンブロッサム.png,ゴールデンブロッサム,ゴールデンブロッサム,90,True
ゴールデンプレミアムソード.png,ゴールデンプレミアムソード,ゴールデンプレミアムソード,59,True
ゴールデンベル.png,ゴールデンベル,ゴールデンベル,59,True
ゴールドスライムベル.png,ゴールドスライムベル,ゴールドスライムベル,68,True
ゴールドドラゴン.png,ゴールドドラゴン,ゴールドドラゴン,119,True
サイコガントレット.png,サイコガントレット,サイコガントレット,78,True
サイス・オブ・コスモス.png,サイス・オブ・コスモス,サイス・オブ・コスモス,31,True
サイス・オブ・ベリアル.png,サイス・オブ・ベリアル,サイス・オブ・ベリアル,49,True
サイレントナイトリークス.jpg,サイレントナイトリークス,サイレントナイトリークス,108,True
サジタリウスボウ.png,サジタリウスボウ,サジタリウスボウ,30,True
サティフィケイト.png,サティフィケイト,サティフィケイト,43,True
サマージェネシス.png,サマージェネシス,サマージェネシス,78,True
サマーナイト・ブレイズ.jpg,サマーナイト・ブレイズ,サマーナイト・ブレイズ,40,True
サマーヒーリング.jpg,サマーヒーリング,サマーヒーリング,62,True
サマーフリーズパラソル.jpg,サマーフリーズパラソル,サマーフリーズパラソル,44,True
サマーメモリーリークス.png,サマーメモリーリークス,サマーメモリーリークス,114,True
サンクトリア.jpg,サンクトリア,サンクトリア,56,True
サンシャインブレード.png,サンシャインブレード,サンシャインブレード,51,True
サンスポットスピア.png,サンスポットスピア,サンスポットスピア,30,True
サンセットブレイズ.jpg,サンセットブレイズ,サンセットブレイズ,70,True
サンダードーム.jpg,サンダードーム,サンダードーム,76,True
サンダー・オブ・ファントム.png,サンダー・オブ・ファントム,サンダー・オブ・ファントム,65,True
サンフラワーワンド.png,サンフラワーワンド,サンフラワーワンド,31,True
ザ・ダイナソー.jpg,ザ・ダイナソー,ザ・ダイナソー,60,True
シェキナーの弓.png,シェキナーの弓,シェキナーの弓,43,True
シェヘラザード.jpg,シェヘラザード,シェヘラザード,54,True
シグルズの弓.png,シグルズの弓,シグルズの弓,63,True
シグルズボウ・ミーレス.jpg,シグルズボウ・ミーレス,シグルズボウ・ミーレス,67,True
シザーハンズ.png,シザーハンズ,シザーハンズ,50,True
シネンシス.png,シネンシス,シネンシス,15,True
シャジャラ・ジン.jpg,シャジャラ・ジン,シャジャラ・ジン,87,True
シャドウサーペント.png,シャドウサーペント,シャドウサーペント,54,True
シャドバデバイス.png,シャドバデバイス,シャドバデバイス,58,True
シャフレワル.png,シャフレワル,シャフレワル,108,True
シャローム・ボウ.png,シャローム・ボウ,シャローム・ボウ,62,True
シャークバイト.png,シャークバイト,シャークバイト,69,True
シュレディンガー.jpg,シュレディンガー,シュレディンガー,71,True
シュヴァリエセイバー・クレド.jpg,シュヴァリエセイバー・クレド,シュヴァリエセイバー・クレド,51,True
シュヴァリエソード・マグナ.png,シュヴァリエソード・マグナ,シュヴァリエソード・マグナ,58,True
シュヴァリエハープ・マグナ.png,シュヴァリエハープ・マグナ,シュヴァリエハープ・マグナ,67,True
シュヴァリエブージ・マグナ.png,シュヴァリエブージ・マグナ,シュヴァリエブージ・マグナ,50,True
シュヴァリエボルト・クレド.jpg,シュヴァリエボルト・クレド,シュヴァリエボルト・クレド,84,True
シュヴァリエボルト・マグナ.png,シュヴァリエボルト・マグナ,シュヴァリエボルト・マグナ,68,True
シュヴァリエランス・クレド.jpg,シュヴァリエランス・クレド,シュヴァリエランス・クレド,78,True
シューニャ.png,シューニャ,シューニャ,12,True
ショット・オブ・ザ・スター.png,ショット・オブ・ザ・スター,ショット・オブ・ザ・スター,76,True
ショロトルリッパー.png,ショロトルリッパー,ショロトルリッパー,56,True
シリンジ・オア・トリート.jpg,シリンジ・オア・トリート,シリンジ・オア・トリート,85,True
シルバースライムベル.png,シルバースライムベル,シルバースライムベル,52,True
シルフィウム.png,シルフィウム,シルフィウム,38,True
シンメトリア.jpg,シンメトリア,シンメトリア,51,True
シーオブドリーム.jpg,シーオブドリーム,シーオブドリーム,50,True
シースフィア.jpg,シースフィア,シースフィア,59,True
ジャックナイフ.jpg,ジャックナイフ,ジャックナイフ,72,True
ジュエルリゾートモデル.png,ジュエルリゾートモデル,ジュエルリゾートモデル,43,True
ジュワユース.png,ジュワユース,ジュワユース,45,True
スウィートサプライズ.jpg,スウィートサプライズ,スウィートサプライズ,65,True
スカイエース.png,スカイエース,スカイエース,41,True
スカイバケーション.jpg,スカイバケーション,スカイバケーション,56,True
スカーフェイス.jpg,スカーフェイス,スカーフェイス,67,True
スキニス.png,スキニス,スキニス,67,True
スクールバッグ.png,スクールバッグ,スクールバッグ,50,True
スケブ練習帳.jpg,スケブ練習帳,スケブ練習帳,45,True
スコフニュング.png,スコフニュング,スコフニュング,44,True
スコフニュング・ウヌ.png,スコフニュング・ウヌ,スコフニュング・ウヌ,44,True
スコフニュング・クヴァール.png,スコフニュング・クヴァール,スコフニュング・クヴァール,43,True
スコフニュング・クヴィン.png,スコフニュング・クヴィン,スコフニュング・クヴィン,47,True
スコフニュング・セス.png,スコフニュング・セス,スコフニュング・セス,47,True
スコフニュング・トリ.png,スコフニュング・トリ,スコフニュング・トリ,42,True
スコフニュング・ドゥ.png,スコフニュング・ドゥ,スコフニュング・ドゥ,53,True
スコフニュング・リビルド.png,スコフニュング・リビルド,スコフニュング・リビルド,41,True
ストラトゥムバンカー.png,ストラトゥムバンカー,ストラトゥムバンカー,48,True
ストリートファイト.png,ストリートファイト,ストリートファイト,79,True
ストロベリースイング.jpg,ストロベリースイング,ストロベリースイング,16,True
スナックポール.png,スナックポール,スナックポール,52,True
スナップブレード.png,スナップブレード,スナップブレード,16,True
スノウリィメビウス.png,スノウリィメビウス,スノウリィメビウス,53,True
スノー・フレーク.png,スノー・フレーク,スノー・フレーク,37,True
スパイクシューター.png,スパイクシューター,スパイクシューター,87,True
スパルナフェザー.png,スパルナフェザー,スパルナフェザー,81,True
スパルナフェザー・ミーレス.jpg,スパルナフェザー・ミーレス,スパルナフェザー・ミーレス,65,True
スピリットシーカー.png,スピリットシーカー,スピリットシーカー,31,True
スピリット・オブ・マナ.png,スピリット・オブ・マナ,スピリット・オブ・マナ,120,True
スピンブレード・V2.jpg,スピンブレード・V2,スピンブレード・V2,107,True
スファライ.png,スファライ,スファライ,83,True
スプラッシュハウル.jpg,スプラッシュハウル,スプラッシュハウル,78,True
スプリットエンド.png,スプリットエンド,スプリットエンド,63,True
スプーキー・ミュー.jpg,スプーキー・ミュー,スプーキー・ミュー,19,True
スラーンド.png,スラーンド,スラーンド,45,True
スレイプニルシュー.png,スレイプニルシュー,スレイプニルシュー,69,True
スワン.jpg,スワン,スワン,61,True
スヴァルガントレット.png,スヴァルガントレット,スヴァルガントレット,85,True
セィワール・ラハブ.jpg,セィワール・ラハブ,セィワール・ラハブ,78,True
セイクリッドフレイム・ミーレス.jpg,セイクリッドフレイム・ミーレス,セイクリッドフレイム・ミーレス,113,True
セイクリッドランス.png,セイクリッドランス,セイクリッドランス,23,True
セイファート.png,セイファート,セイファート,38,True
セイレーノス.jpg,セイレーノス,セイレーノス,41,True
セイントクリスタル.png,セイントクリスタル,セイントクリスタル,50,True
セイントスタークラッカー.png,セイントスタークラッカー,セイントスタークラッカー,78,True
セイントファウンテン.jpg,セイントファウンテン,セイントファウンテン,57,True
セッテ・ディ・スパーダ.jpg,セッテ・ディ・スパーダ,セッテ・ディ・スパーダ,37,True
セフィラの翠刀.png,セフィラの翠刀,セフィラの翠刀,36,True
セフィラの翠刃.png,セフィラの翠刃,セフィラの翠刃,81,True
セフィラの翠剣.png,セフィラの翠剣,セフィラの翠剣,66,True
セフィラの翠弓.jpg,セフィラの翠弓,セフィラの翠弓,56,True
セフィラの翠弦.png,セフィラの翠弦,セフィラの翠弦,85,True
セフィラの翠杖.png,セフィラの翠杖,セフィラの翠杖,72,True
セフィラの翠甲.png,セフィラの翠甲,セフィラの翠甲,104,True
セフィラの翠矛.png,セフィラの翠矛,セフィラの翠矛,56,True
セフィラの翠銃.png,セフィラの翠銃,セフィラの翠銃,79,True
セフィラの翠鎌.png,セフィラの翠鎌,セフィラの翠鎌,49,True
セプティアンバーナー.png,セプティアンバーナー,セプティアンバーナー,36,True
セラステス.png,セラステス,セラステス,39,True
セレストクロー・マグナ.png,セレストクロー・マグナ,セレストクロー・マグナ,85,True
セレストグレース・アーテル.jpg,セレストグレース・アーテル,セレストグレース・アーテル,77,True
セレストザグナル・マグナ.png,セレストザグナル・マグナ,セレストザグナル・マグナ,46,True
セレストセイバー・アーテル.jpg,セレストセイバー・アーテル,セレストセイバー・アーテル,114,True
セレストダガー・アーテル.jpg,セレストダガー・アーテル,セレストダガー・アーテル,98,True
セレストハープ・マグナ.png,セレストハープ・マグナ,セレストハープ・マグナ,73,True
セレストホーン・マグナ.png,セレストホーン・マグナ,セレストホーン・マグナ,34,True
セ・ラ・ヴィ.png,セ・ラ・ヴィ,セ・ラ・ヴィ,76,True
ゼカリヤ.png,ゼカリヤ,ゼカリヤ,57,True
ソウルイーター.png,ソウルイーター,ソウルイーター,23,True
ソウル・オブ・プレトー.jpg,ソウル・オブ・プレトー,ソウル・オブ・プレトー,106,True
ソルジャーボウ.png,ソルジャーボウ,ソルジャーボウ,28,True
ソル・フラマ.png,ソル・フラマ,ソル・フラマ,72,True
ソル・レムナント.png,ソル・レムナント,ソル・レムナント,84,True
ソロモンアクセル.jpg,ソロモンアクセル,ソロモンアクセル,30,True
ソロモンドライブ.png,ソロモンドライブ,ソロモンドライブ,50,True
ソロモンドライブ・ミーレス.jpg,ソロモンドライブ・ミーレス,ソロモンドライブ・ミーレス,55,True
ソーサリー・クリマ・タクト.jpg,ソーサリー・クリマ・タクト,ソーサリー・クリマ・タクト,32,True
ソードコーン.png,ソードコーン,ソードコーン,51,True
ソード・オブ・コスモス.png,ソード・オブ・コスモス,ソード・オブ・コスモス,68,True
ソード・オブ・ミカエル.png,ソード・オブ・ミカエル,ソード・オブ・ミカエル,51,True
ソーレ・インテンソ.jpg,ソーレ・インテンソ,ソーレ・インテンソ,82,True
ゾア・イエシェンナ.jpg,ゾア・イエシェンナ,ゾア・イエシェンナ,91,True
ゾディアコ・ヴィテ.jpg,ゾディアコ・ヴィテ,ゾディアコ・ヴィテ,49,True
ゾーシモス.jpg,ゾーシモス,ゾーシモス,76,True
タァ・セネン.jpg,タァ・セネン,タァ・セネン,56,True
タアロ・マサラ.png,タアロ・マサラ,タアロ・マサラ,84,True
タイ・オブ・ザ・ハングドマン.png,タイ・オブ・ザ・ハングドマン,タイ・オブ・ザ・ハングドマン,59,True
タウルス・オブ・ワールド.jpg,タウルス・オブ・ワールド,タウルス・オブ・ワールド,48,True
タオタオ・フー.jpg,タオタオ・フー,タオタオ・フー,99,True
タケミナカタ.png,タケミナカタ,タケミナカタ,63,True
タバルジン.png,タバルジン,タバルジン,58,True
タミン・サリ.png,タミン・サリ,タミン・サリ,44,True
タラヴァガニ.png,タラヴァガニ,タラヴァガニ,54,True
タンザナイトブレイド.png,タンザナイトブレイド,タンザナイトブレイド,27,True
タンザナイト・デュエラム.jpg,タンザナイト・デュエラム,タンザナイト・デュエラム,41,True
ダイモーンスパイン.png,ダイモーンスパイン,ダイモーンスパイン,39,True
ダイヤモンドエッジ.png,ダイヤモンドエッジ,ダイヤモンドエッジ,53,True
ダウルダヴラ.jpg,ダウルダヴラ,ダウルダヴラ,46,True
ダガー・オブ・コスモス.png,ダガー・オブ・コスモス,ダガー・オブ・コスモス,78,True
ダルドゥール.jpg,ダルドゥール,ダルドゥール,103,True
ダルモアン・ウォーアクス.png,ダルモアン・ウォーアクス,ダルモアン・ウォーアクス,51,True
ダンテの竪琴.png,ダンテの竪琴,ダンテの竪琴,88,True
ダンテ・アリギエーリ.png,ダンテ・アリギエーリ,ダンテ・アリギエーリ,91,True
ダンデライオン.png,ダンデライオン,ダンデライオン,27,True
ダン・デュ・シャ.jpg,ダン・デュ・シャ,ダン・デュ・シャ,44,True
ダーインスレイブ.png,ダーインスレイブ,ダーインスレイブ,29,True
ダーリィ・ブレイド.jpg,ダーリィ・ブレイド,ダーリィ・ブレイド,37,True
チェーン・オブ・カウカソス.png,チェーン・オブ・カウカソス,チェーン・オブ・カウカソス,87,True
チチウシ.png,チチウシ,チチウシ,19,True
チャーミング・ブルーム.png,チャーミング・ブルーム,チャーミング・ブルーム,26,True
ツヴァイ・シェーデル.png,ツヴァイ・シェーデル,ツヴァイ・シェーデル,60,True
ツークフォーゲル・フェーダー.jpg,ツークフォーゲル・フェーダー,ツークフォーゲル・フェーダー,16,True
ツーバイフォー.png,ツーバイフォー,ツーバイフォー,23,True
ティアドロップ・マンドリン.jpg,ティアドロップ・マンドリン,ティアドロップ・マンドリン,56,True
ティアマトアムード・マグナ.png,ティアマトアムード・マグナ,ティアマトアムード・マグナ,60,True
ティアマトエッジ・アウラ.jpg,ティアマトエッジ・アウラ,ティアマトエッジ・アウラ,56,True
ティアマトガントレ・マグナ.png,ティアマトガントレ・マグナ,ティアマトガントレ・マグナ,96,True
ティアマトグレイブ・マグナ.png,ティアマトグレイブ・マグナ,ティアマトグレイブ・マグナ,36,True
ティアマトシュート・アウラ.jpg,ティアマトシュート・アウラ,ティアマトシュート・アウラ,76,True
ティアマトボルト・アウラ.jpg,ティアマトボルト・アウラ,ティアマトボルト・アウラ,101,True
ティアマトボルト・オリジン.png,ティアマトボルト・オリジン,ティアマトボルト・オリジン,64,True
ティアマトボルト・マグナ.png,ティアマトボルト・マグナ,ティアマトボルト・マグナ,45,True
テイウァッツ.png,テイウァッツ,テイウァッツ,58,True
テュルソス.png,テュルソス,テュルソス,52,True
テュロスビネット.png,テュロスビネット,テュロスビネット,79,True
テュロスボウ.png,テュロスボウ,テュロスボウ,22,True
テュロスワンド.png,テュロスワンド,テュロスワンド,43,True
テンタクルジャベリン.jpg,テンタクルジャベリン,テンタクルジャベリン,63,True
ディアテシア.jpg,ディアテシア,ディアテシア,88,True
ディアドリッククロー.png,ディアドリッククロー,ディアドリッククロー,85,True
ディアドリックシンボル.png,ディアドリックシンボル,ディアドリックシンボル,50,True
ディアドリックハート.png,ディアドリックハート,ディアドリックハート,89,True
ディアボロスボウ.png,ディアボロスボウ,ディアボロスボウ,52,True
ディアマントフルレ.jpg,ディアマントフルレ,ディアマントフルレ,35,True
ディザスタークロー.jpg,ディザスタークロー,ディザスタークロー,77,True
ディスタント・レクイエム.png,ディスタント・レクイエム,ディスタント・レクイエム,52,True
ディスターバンスシグナ.png,ディスターバンスシグナ,ディスターバンスシグナ,79,True
ディスペアー.png,ディスペアー,ディスペアー,41,True
ディニタドゥーカ.jpg,ディニタドゥーカ,ディニタドゥーカ,20,True
ディープデザイア.png,ディープデザイア,ディープデザイア,52,True
デコル・シカリウス.jpg,デコル・シカリウス,デコル・シカリウス,55,True
デスシンボル.png,デスシンボル,デスシンボル,37,True
デスハンド.png,デスハンド,デスハンド,90,True
デモネン・フルーゲル.jpg,デモネン・フルーゲル,デモネン・フルーゲル,37,True
デモン・アドヴォケイト.png,デモン・アドヴォケイト,デモン・アドヴォケイト,94,True
デモン・アドヴォケイト・ミーレス.jpg,デモン・アドヴォケイト・ミーレス,デモン・アドヴォケイト・ミーレス,89,True
デュアリティソード.jpg,デュアリティソード,デュアリティソード,22,True
デュアルヘリックス.png,デュアルヘリックス,デュアルヘリックス,60,True
デュランダル.png,デュランダル,デュランダル,70,True
デルタ・クォーツ.png,デルタ・クォーツ,デルタ・クォーツ,76,True
トゥリビューナルリラ・ミーレス.jpg,トゥリビューナルリラ・ミーレス,トゥリビューナルリラ・ミーレス,48,True
トリアイナ.png,トリアイナ,トリアイナ,32,True
トリックサーペント.png,トリックサーペント,トリックサーペント,66,True
トリック・オア・トリート.png,トリック・オア・トリート,トリック・オア・トリート,56,True
トリートスティック.png,トリートスティック,トリートスティック,50,True
トリート・アンド・ストレイン.jpg,トリート・アンド・ストレイン,トリート・アンド・ストレイン,54,True
トリート・ウロボロス.png,トリート・ウロボロス,トリート・ウロボロス,94,True
トレピリ.png,トレピリ,トレピリ,57,True
トロピカルウィンター.png,トロピカルウィンター,トロピカルウィンター,85,True
トロピカルフェアリー.png,トロピカルフェアリー,トロピカルフェアリー,60,True
トーニーローズ.png,トーニーローズ,トーニーローズ,71,True
ドゥルール・クラポティ.jpg,ドゥルール・クラポティ,ドゥルール・クラポティ,79,True
ドス.png,ドス,ドス,51,True
ドナー・トレーネ.png,ドナー・トレーネ,ドナー・トレーネ,76,True
ドミニオンハープ.png,ドミニオンハープ,ドミニオンハープ,27,True
ドラグクロー.png,ドラグクロー,ドラグクロー,92,True
ドラグホーン.png,ドラグホーン,ドラグホーン,34,True
ドラゴニックハープ.png,ドラゴニックハープ,ドラゴニックハープ,118,True
ドラゴニックバスター.png,ドラゴニックバスター,ドラゴニックバスター,75,True
ドラゴニックファイア.png,ドラゴニックファイア,ドラゴニックファイア,91,True
ドラゴニックブレイド.png,ドラゴニックブレイド,ドラゴニックブレイド,40,True
ドラゴニックボウ.png,ドラゴニックボウ,ドラゴニックボウ,45,True
ドラゴニックロッド.png,ドラゴニックロッド,ドラゴニックロッド,53,True
ドラゴンスレイヤー.png,ドラゴンスレイヤー,ドラゴンスレイヤー,46,True
ドラゴンバスター.png,ドラゴンバスター,ドラゴンバスター,46,True
ドリル.png,ドリル,ドリル,89,True
ドリームマンディアン.jpg,ドリームマンディアン,ドリームマンディアン,72,True
ドンパッチソード.png,ドンパッチソード,ドンパッチソード,33,True
ドン・パリピニオン.jpg,ドン・パリピニオン,ドン・パリピニオン,72,True
ド根性グローブ.png,ド根性グローブ,ド根性グローブ,80,True
ナイトメアバンカー.png,ナイトメアバンカー,ナイトメアバンカー,39,True
ナイト・オブ・アイス.jpg,ナイト・オブ・アイス,ナイト・オブ・アイス,63,True
ナイト・ライダー.jpg,ナイト・ライダー,ナイト・ライダー,42,True
ナラクーバラ.png,ナラクーバラ,ナラクーバラ,56,True
ナーゲルリング.png,ナーゲルリング,ナーゲルリング,71,True
ニオウ.jpg,ニオウ,ニオウ,81,True
ニバンボシ.png,ニバンボシ,ニバンボシ,33,True
ニルヴァーナ.png,ニルヴァーナ,ニルヴァーナ,44,True
ニルヴァーナ・ウヌ.png,ニルヴァーナ・ウヌ,ニルヴァーナ・ウヌ,40,True
ニルヴァーナ・クヴァール.png,ニルヴァーナ・クヴァール,ニルヴァーナ・クヴァール,44,True
ニルヴァーナ・クヴィン.png,ニルヴァーナ・クヴィン,ニルヴァーナ・クヴィン,43,True
ニルヴァーナ・セス.png,ニルヴァーナ・セス,ニルヴァーナ・セス,43,True
ニルヴァーナ・トリ.png,ニルヴァーナ・トリ,ニルヴァーナ・トリ,46,True
ニルヴァーナ・ドゥ.png,ニルヴァーナ・ドゥ,ニルヴァーナ・ドゥ,42,True
ニルヴァーナ・リビルド.png,ニルヴァーナ・リビルド,ニルヴァーナ・リビルド,47,True
ニンジンブレード.png,ニンジンブレード,ニンジンブレード,77,True
ニーベルン・クリンゲ.png,ニーベルン・クリンゲ,ニーベルン・クリンゲ,71,True
ニーベルン・グラス.png,ニーベルン・グラス,ニーベルン・グラス,40,True
ニーベルン・ホルン.png,ニーベルン・ホルン,ニーベルン・ホルン,60,True
ニーベルン・メッサー.png,ニーベルン・メッサー,ニーベルン・メッサー,41,True
ニーラカンタ.png,ニーラカンタ,ニーラカンタ,44,True
ヌシブロウ・バズーカ.jpg,ヌシブロウ・バズーカ,ヌシブロウ・バズーカ,98,True
ネギの杖.jpg,ネギの杖,ネギの杖,42,True
ネコパンチ・プロ.png,ネコパンチ・プロ,ネコパンチ・プロ,81,True
ネフティスクリス.png,ネフティスクリス,ネフティスクリス,43,True
ネフティスフォーク.png,ネフティスフォーク,ネフティスフォーク,31,True
ネブカドネザル.png,ネブカドネザル,ネブカドネザル,45,True
ネブカドネザル・ウヌ.png,ネブカドネザル・ウヌ,ネブカドネザル・ウヌ,45,True
ネブカドネザル・クヴァール.png,ネブカドネザル・クヴァール,ネブカドネザル・クヴァール,50,True
ネブカドネザル・クヴィン.png,ネブカドネザル・クヴィン,ネブカドネザル・クヴィン,49,True
ネブカドネザル・セス.png,ネブカドネザル・セス,ネブカドネザル・セス,53,True
ネブカドネザル・トリ.png,ネブカドネザル・トリ,ネブカドネザル・トリ,53,True
ネブカドネザル・ドゥ.png,ネブカドネザル・ドゥ,ネブカドネザル・ドゥ,51,True
ネブカドネザル・リビルド.png,ネブカドネザル・リビルド,ネブカドネザル・リビルド,53,True
ネプテゥヌスの三叉鉾.png,ネプテゥヌスの三叉鉾,ネプテゥヌスの三叉鉾,25,True
ネーレウスの杖.png,ネーレウスの杖,ネーレウスの杖,54,True
ノクスミーティア.jpg,ノクスミーティア,ノクスミーティア,59,True
ノーティーウィッチ.jpg,ノーティーウィッチ,ノーティーウィッチ,65,True
ノーフェイス.png,ノーフェイス,ノーフェイス,69,True
ハイメタルストック.png,ハイメタルストック,ハイメタルストック,25,True
ハイランドクーガー.jpg,ハイランドクーガー,ハイランドクーガー,54,True
ハイリゲスシュヴェールト.png,ハイリゲスシュヴェールト,ハイリゲスシュヴェールト,30,True
ハイロイヤルポール.png,ハイロイヤルポール,ハイロイヤルポール,23,True
ハッピーエンドクィル.jpg,ハッピーエンドクィル,ハッピーエンドクィル,51,True
ハッピーエンドベル.png,ハッピーエンドベル,ハッピーエンドベル,64,True
ハッピーエンドルフィン.jpg,ハッピーエンドルフィン,ハッピーエンドルフィン,60,True
ハツオイイルハル.png,ハツオイイルハル,ハツオイイルハル,70,True
ハマノツルギ.jpg,ハマノツルギ,ハマノツルギ,34,True
ハルシエシス.jpg,ハルシエシス,ハルシエシス,61,True
ハルモニア.jpg,ハルモニア,ハルモニア,73,True
ハンドキャノン.jpg,ハンドキャノン,ハンドキャノン,54,True
ハートビートミトン.jpg,ハートビートミトン,ハートビートミトン,85,True
ハート・ソングバーズ.png,ハート・ソングバーズ,ハート・ソングバーズ,93,True
ハーバル・バスケット.jpg,ハーバル・バスケット,ハーバル・バスケット,98,True
ハープ・オブ・コスモス.png,ハープ・オブ・コスモス,ハープ・オブ・コスモス,71,True
ハープ・オブ・ハルワアムル.png,ハープ・オブ・ハルワアムル,ハープ・オブ・ハルワアムル,68,True
ハーリク・シャーティ.jpg,ハーリク・シャーティ,ハーリク・シャーティ,70,True
バイデント.png,バイデント,バイデント,46,True
バカンス・ツールボックス.jpg,バカンス・ツールボックス,バカンス・ツールボックス,96,True
バスティネード.jpg,バスティネード,バスティネード,59,True
バハムートアクス・ノヴム.png,バハムートアクス・ノヴム,バハムートアクス・ノヴム,48,True
バハムートアクス・フツルス.png,バハムートアクス・フツルス,バハムートアクス・フツルス,55,True
バハムートスタッフ・ノヴム.png,バハムートスタッフ・ノヴム,バハムートスタッフ・ノヴム,66,True
バハムートスタッフ・フツルス.png,バハムートスタッフ・フツルス,バハムートスタッフ・フツルス,67,True
バハムートスピア・ノヴム.png,バハムートスピア・ノヴム,バハムートスピア・ノヴム,37,True
バハムートスピア・フツルス.png,バハムートスピア・フツルス,バハムートスピア・フツルス,40,True
バハムートソード・ノヴム.png,バハムートソード・ノヴム,バハムートソード・ノヴム,58,True
バハムートソード・フツルス.png,バハムートソード・フツルス,バハムートソード・フツルス,73,True
バハムートダガー・ノヴム.png,バハムートダガー・ノヴム,バハムートダガー・ノヴム,65,True
バハムートダガー・フツルス.png,バハムートダガー・フツルス,バハムートダガー・フツルス,75,True
バハムートナックル・ノヴム.png,バハムートナックル・ノヴム,バハムートナックル・ノヴム,100,True
バハムートナックル・フツルス.png,バハムートナックル・フツルス,バハムートナックル・フツルス,120,True
バハムートハープ・ノヴム.png,バハムートハープ・ノヴム,バハムートハープ・ノヴム,52,True
バハムートハープ・フツルス.png,バハムートハープ・フツルス,バハムートハープ・フツルス,63,True
バハムートブレイド・ノヴム.png,バハムートブレイド・ノヴム,バハムートブレイド・ノヴム,71,True
バハムートブレイド・フツルス.png,バハムートブレイド・フツルス,バハムートブレイド・フツルス,74,True
バハムートボウ・ノヴム.png,バハムートボウ・ノヴム,バハムートボウ・ノヴム,55,True
バハムートボウ・フツルス.png,バハムートボウ・フツルス,バハムートボウ・フツルス,66,True
バハムートマズル・ノヴム.png,バハムートマズル・ノヴム,バハムートマズル・ノヴム,47,True
バハムートマズル・フツルス.png,バハムートマズル・フツルス,バハムートマズル・フツルス,68,True
バビロンの導杖.png,バビロンの導杖,バビロンの導杖,37,True
バブルガムバンカー.jpg,バブルガムバンカー,バブルガムバンカー,47,True
バブルレター.png,バブルレター,バブルレター,63,True
バブ・エル・マンデブ.png,バブ・エル・マンデブ,バブ・エル・マンデブ,64,True
バブ・ベル・ランデヴ.jpg,バブ・ベル・ランデヴ,バブ・ベル・ランデヴ,64,True
バリアントランス.jpg,バリアントランス,バリアントランス,45,True
バルムンク.png,バルムンク,バルムンク,44,True
バレンタインソード.png,バレンタインソード,バレンタインソード,51,True
バレンタインワンド.png,バレンタインワンド,バレンタインワンド,38,True
バロウキャッツハンド.jpg,バロウキャッツハンド,バロウキャッツハンド,60,True
バンチ・オブ・バナナス.png,バンチ・オブ・バナナス,バンチ・オブ・バナナス,60,True
バンブーシャフト.png,バンブーシャフト,バンブーシャフト,40,True
バーベル.png,バーベル,バーベル,55,True
パイルスマッシュ.jpg,パイルスマッシュ,パイルスマッシュ,61,True
パラシュ.png,パラシュ,パラシュ,53,True
パラスの剣.png,パラスの剣,パラスの剣,42,True
パラスソード・ミーレス.jpg,パラスソード・ミーレス,パラスソード・ミーレス,44,True
パラゾニウム.png,パラゾニウム,パラゾニウム,52,True
パンタグリュエル.jpg,パンタグリュエル,パンタグリュエル,45,True
パントフル・ド・マシーヌ.jpg,パントフル・ド・マシーヌ,パントフル・ド・マシーヌ,60,True
パーマフロスト・ソード.png,パーマフロスト・ソード,パーマフロスト・ソード,46,True
ヒヒイロカネ飾ってみた.jpg,ヒヒイロカネ飾ってみた,ヒヒイロカネ飾ってみた,60,True
ヒュプノスクリス.png,ヒュプノスクリス,ヒュプノスクリス,50,True
ヒロイックボウ.png,ヒロイックボウ,ヒロイックボウ,51,True
ヒート・オブ・ザ・サン.png,ヒート・オブ・ザ・サン,ヒート・オブ・ザ・サン,24,True
ビエント・ディ・スパーダ.jpg,ビエント・ディ・スパーダ,ビエント・ディ・スパーダ,34,True
ビガ・エドフ.jpg,ビガ・エドフ,ビガ・エドフ,52,True
ビスマルク.png,ビスマルク,ビスマルク,50,True
ビヨンド・ザ・ディマイズ.jpg,ビヨンド・ザ・ディマイズ,ビヨンド・ザ・ディマイズ,70,True
ビーチ・グロウノス.jpg,ビーチ・グロウノス,ビーチ・グロウノス,26,True
ピストレア・ブーケ.jpg,ピストレア・ブーケ,ピストレア・ブーケ,88,True
ピラム.png,ピラム,ピラム,24,True
ピンキーニードル.png,ピンキーニードル,ピンキーニードル,54,True
ピンク・エーテリアル.png,ピンク・エーテリアル,ピンク・エーテリアル,18,True
ファイア・オブ・プロメテウス.png,ファイア・オブ・プロメテウス,ファイア・オブ・プロメテウス,86,True
ファウスト.png,ファウスト,ファウスト,57,True
ファウスト・ウヌ.png,ファウスト・ウヌ,ファウスト・ウヌ,66,True
ファウスト・クヴァール.png,ファウスト・クヴァール,ファウスト・クヴァール,61,True
ファウスト・クヴィン.png,ファウスト・クヴィン,ファウスト・クヴィン,61,True
ファウスト・セス.png,ファウスト・セス,ファウスト・セス,61,True
ファウスト・トリ.png,ファウスト・トリ,ファウスト・トリ,65,True
ファウスト・ドゥ.png,ファウスト・ドゥ,ファウスト・ドゥ,58,True
ファウスト・リビルド.png,ファウスト・リビルド,ファウスト・リビルド,60,True
ファラウェイ.png,ファラウェイ,ファラウェイ,52,True
ファンゴルン.png,ファンゴルン,ファンゴルン,63,True
ファントムクロー.png,ファントムクロー,ファントムクロー,96,True
ファントムシーフナイフ.png,ファントムシーフナイフ,ファントムシーフナイフ,55,True
フィンブル.png,フィンブル,フィンブル,29,True
フィーストシグナ.jpg,フィーストシグナ,フィーストシグナ,62,True
フェアトラウエン.jpg,フェアトラウエン,フェアトラウエン,30,True
フェアネスマーク.png,フェアネスマーク,フェアネスマーク,49,True
フェアーソード.png,フェアーソード,フェアーソード,22,True
フェイトルーラー.png,フェイトルーラー,フェイトルーラー,71,True
フェイトレス.png,フェイトレス,フェイトレス,34,True
フェディエルスパイン.png,フェディエルスパイン,フェディエルスパイン,98,True
フェディエル・フロート.jpg,フェディエル・フロート,フェディエル・フロート,38,True
フェードラッヘフラッグ.png,フェードラッヘフラッグ,フェードラッヘフラッグ,55,True
フォニックロッド.png,フォニックロッド,フォニックロッド,48,True
フォーセイクンアガスティ.jpg,フォーセイクンアガスティ,フォーセイクンアガスティ,102,True
フォービドゥンアガスティ.jpg,フォービドゥンアガスティ,フォービドゥンアガスティ,85,True
フォールン・ソード.png,フォールン・ソード,フォールン・ソード,51,True
フュージョンメビウス.png,フュージョンメビウス,フュージョンメビウス,52,True
フライアウェイ.png,フライアウェイ,フライアウェイ,61,True
フライドスピア.jpg,フライドスピア,フライドスピア,30,True
フライングA.png,フライングA,フライングA,64,True
フラマ・オルビス.png,フラマ・オルビス,フラマ・オルビス,123,True
フルンティング.jpg,フルンティング,フルンティング,53,True
フレズヴェルク.jpg,フレズヴェルク,フレズヴェルク,103,True
フロストイヴスピア.jpg,フロストイヴスピア,フロストイヴスピア,50,True
フロッティ.png,フロッティ,フロッティ,40,True
フローレンベルク.png,フローレンベルク,フローレンベルク,68,True
ブライト&サイレンス.jpg,ブライト&サイレンス,ブライト&サイレンス,54,True
ブライドキーパー.jpg,ブライドキーパー,ブライドキーパー,105,True
ブラインド・アンド・ストレイン.jpg,ブラインド・アンド・ストレイン,ブラインド・アンド・ストレイン,41,True
ブラスト・ソード.png,ブラスト・ソード,ブラスト・ソード,36,True
ブラックアックス.png,ブラックアックス,ブラックアックス,51,True
ブラックローズ.png,ブラックローズ,ブラックローズ,68,True
ブラック・アンド・ダークネス.png,ブラック・アンド・ダークネス,ブラック・アンド・ダークネス,20,True
ブラック・ウロボロス.png,ブラック・ウロボロス,ブラック・ウロボロス,47,True
ブラッディスカー.png,ブラッディスカー,ブラッディスカー,71,True
ブラッドコーラル.jpg,ブラッドコーラル,ブラッドコーラル,55,True
ブラビューラ.png,ブラビューラ,ブラビューラ,59,True
ブラフマンガントレ.png,ブラフマンガントレ,ブラフマンガントレ,94,True
ブラフマンシミター.png,ブラフマンシミター,ブラフマンシミター,51,True
ブラフマントライデント.png,ブラフマントライデント,ブラフマントライデント,19,True
ブランウェンハープ.png,ブランウェンハープ,ブランウェンハープ,55,True
ブランドニューメロディ.png,ブランドニューメロディ,ブランドニューメロディ,49,True
ブリューナク.png,ブリューナク,ブリューナク,25,True
ブルトガング.png,ブルトガング,ブルトガング,62,True
ブルースフィア.png,ブルースフィア,ブルースフィア,37,True
ブルータル・ハープーン.png,ブルータル・ハープーン,ブルータル・ハープーン,53,True
ブルーライトニング.jpg,ブルーライトニング,ブルーライトニング,31,True
ブレイジングランス.jpg,ブレイジングランス,ブレイジングランス,101,True
ブレイド・オブ・コスモス.png,ブレイド・オブ・コスモス,ブレイド・オブ・コスモス,57,True
ブレイブソード.png,ブレイブソード,ブレイブソード,50,True
ブレード・オブ・ロイヤリティ.jpg,ブレード・オブ・ロイヤリティ,ブレード・オブ・ロイヤリティ,55,True
ブロックバスター.jpg,ブロックバスター,ブロックバスター,87,True
ブロッサムアクス.png,ブロッサムアクス,ブロッサムアクス,38,True
プラズマクラック.png,プラズマクラック,プラズマクラック,68,True
プラズマジグソー.png,プラズマジグソー,プラズマジグソー,91,True
プルメリアンセプター.jpg,プルメリアンセプター,プルメリアンセプター,26,True
プレイ・オブ・テンペランス.png,プレイ・オブ・テンペランス,プレイ・オブ・テンペランス,84,True
プレデタークロー.png,プレデタークロー,プレデタークロー,103,True
プロエリウム.png,プロエリウム,プロエリウム,53,True
プロキシモ.png,プロキシモ,プロキシモ,61,True
プロキシモ・ウヌ.png,プロキシモ・ウヌ,プロキシモ・ウヌ,59,True
プロキシモ・クヴァール.png,プロキシモ・クヴァール,プロキシモ・クヴァール,61,True
プロキシモ・クヴィン.png,プロキシモ・クヴィン,プロキシモ・クヴィン,61,True
プロキシモ・セス.png,プロキシモ・セス,プロキシモ・セス,64,True
プロキシモ・トリ.png,プロキシモ・トリ,プロキシモ・トリ,60,True
プロキシモ・ドゥ.png,プロキシモ・ドゥ,プロキシモ・ドゥ,59,True
プロキシモ・リビルド.png,プロキシモ・リビルド,プロキシモ・リビルド,57,True
プログレッシブナイフ・汎人用.jpg,プログレッシブナイフ・汎人用,プログレッシブナイフ・汎人用,73,True
プロトタイプ.png,プロトタイプ,プロトタイプ,73,True
プロミス.png,プロミス,プロミス,59,True
ヘカトンケイレス.png,ヘカトンケイレス,ヘカトンケイレス,57,True
ヘリオガバルス・ミーレス.jpg,ヘリオガバルス・ミーレス,ヘリオガバルス・ミーレス,72,True
ヘルウォードダガー.png,ヘルウォードダガー,ヘルウォードダガー,65,True
ヘルデンヒュムネ.jpg,ヘルデンヒュムネ,ヘルデンヒュムネ,74,True
ヘルマニビス.png,ヘルマニビス,ヘルマニビス,19,True
ヘヴンズクラウド.png,ヘヴンズクラウド,ヘヴンズクラウド,62,True
ベガルタ.png,ベガルタ,ベガルタ,62,True
ベスちゃんにんぎょう.png,ベスちゃんにんぎょう,ベスちゃんにんぎょう,63,True
ベッラ・アエテルヌス.png,ベッラ・アエテルヌス,ベッラ・アエテルヌス,56,True
ベネディーア.png,ベネディーア,ベネディーア,74,True
ベルタワー.png,ベルタワー,ベルタワー,52,True
ベルファスト.jpg,ベルファスト,ベルファスト,47,True
ベンベネト.jpg,ベンベネト,ベンベネト,55,True
ペイン・アンド・ストレイン.jpg,ペイン・アンド・ストレイン,ペイン・アンド・ストレイン,65,True
ペイン・オブ・デス.png,ペイン・オブ・デス,ペイン・オブ・デス,49,True
ペネトレイトインパルス.jpg,ペネトレイトインパルス,ペネトレイトインパルス,51,True
ペルセウス.png,ペルセウス,ペルセウス,82,True
ホルアクティ.jpg,ホルアクティ,ホルアクティ,37,True
ホワイトウイング.png,ホワイトウイング,ホワイトウイング,41,True
ホワイトホーク.png,ホワイトホーク,ホワイトホーク,96,True
ホープナックル.png,ホープナックル,ホープナックル,126,True
ホーリーナイトセプター.png,ホーリーナイトセプター,ホーリーナイトセプター,22,True
ボンサイブレード.png,ボンサイブレード,ボンサイブレード,18,True
ボン・ジョワ.jpg,ボン・ジョワ,ボン・ジョワ,46,True
マイムールクローズ.png,マイムールクローズ,マイムールクローズ,35,True
マイムールヴィジョン.png,マイムールヴィジョン,マイムールヴィジョン,81,True
マイムールヴィジョン・ミーレス.jpg,マイムールヴィジョン・ミーレス,マイムールヴィジョン・ミーレス,68,True
マギ・リアリジスセプター.png,マギ・リアリジスセプター,マギ・リアリジスセプター,49,True
マグマガントレット.png,マグマガントレット,マグマガントレット,118,True
マグマストリーム.png,マグマストリーム,マグマストリーム,46,True
マザーマッドスパイン.jpg,マザーマッドスパイン,マザーマッドスパイン,79,True
マシン・ソー.png,マシン・ソー,マシン・ソー,100,True
マシン・ボウ.png,マシン・ボウ,マシン・ボウ,86,True
マジェスタス.png,マジェスタス,マジェスタス,76,True
マスターキー.png,マスターキー,マスターキー,39,True
マナウィダンガントレ.png,マナウィダンガントレ,マナウィダンガントレ,104,True
マナウィダンブレード.png,マナウィダンブレード,マナウィダンブレード,56,True
マナリアンホーリーロッド.png,マナリアンホーリーロッド,マナリアンホーリーロッド,45,True
マモーナスグローブ.png,マモーナスグローブ,マモーナスグローブ,111,True
マリッジリング.jpg,マリッジリング,マリッジリング,49,True
マリトッツォ.jpg,マリトッツォ,マリトッツォ,80,True
マリンエース.jpg,マリンエース,マリンエース,90,True
マリンエーテリアル.jpg,マリンエーテリアル,マリンエーテリアル,48,True
マルケサス.jpg,マルケサス,マルケサス,75,True
マルメテル・ハンマー.png,マルメテル・ハンマー,マルメテル・ハンマー,50,True
マンデト.jpg,マンデト,マンデト,77,True
マーレ・オブ・ワールド.jpg,マーレ・オブ・ワールド,マーレ・オブ・ワールド,53,True
マーヴェリック・エーテリアル.jpg,マーヴェリック・エーテリアル,マーヴェリック・エーテリアル,58,True
ミスティックブラシ.png,ミスティックブラシ,ミスティックブラシ,74,True
ミスティーク.jpg,ミスティーク,ミスティーク,74,True
ミストルテイン.png,ミストルテイン,ミストルテイン,76,True
ミセリコルデ.png,ミセリコルデ,ミセリコルデ,42,True
ミセリコルデ・ウヌ.png,ミセリコルデ・ウヌ,ミセリコルデ・ウヌ,41,True
ミセリコルデ・クヴァール.png,ミセリコルデ・クヴァール,ミセリコルデ・クヴァール,37,True
ミセリコルデ・クヴィン.png,ミセリコルデ・クヴィン,ミセリコルデ・クヴィン,40,True
ミセリコルデ・セス.png,ミセリコルデ・セス,ミセリコルデ・セス,40,True
ミセリコルデ・トリ.png,ミセリコルデ・トリ,ミセリコルデ・トリ,38,True
ミセリコルデ・ドゥ.png,ミセリコルデ・ドゥ,ミセリコルデ・ドゥ,41,True
ミセリコルデ・リビルド.png,ミセリコルデ・リビルド,ミセリコルデ・リビルド,41,True
ミトロンの宝剣.png,ミトロンの宝剣,ミトロンの宝剣,74,True
ミトロンの弓.png,ミトロンの弓,ミトロンの弓,85,True
ミトロンの籠手.png,ミトロンの籠手,ミトロンの籠手,100,True
ミドガルドの裂斧.png,ミドガルドの裂斧,ミドガルドの裂斧,70,True
ミミングバゼラード.png,ミミングバゼラード,ミミングバゼラード,74,True
ミムメモ人形.png,ミムメモ人形,ミムメモ人形,54,True
ミュルグレス.png,ミュルグレス,ミュルグレス,39,True
ミーティアライト.png,ミーティアライト,ミーティアライト,91,True
ムルシエラゴ.jpg,ムルシエラゴ,ムルシエラゴ,69,True
ムーンショテル.jpg,ムーンショテル,ムーンショテル,40,True
メタルハンド.png,メタルハンド,メタルハンド,68,True
メタル・デストロイヤー.png,メタル・デストロイヤー,メタル・デストロイヤー,37,True
メテオラ.png,メテオラ,メテオラ,68,True
メドゥシアナステッキ.png,メドゥシアナステッキ,メドゥシアナステッキ,81,True
メドゥシアナ・フロート.jpg,メドゥシアナ・フロート,メドゥシアナ・フロート,72,True
メビウス.png,メビウス,メビウス,51,True
メモリアムブルーリア.jpg,メモリアムブルーリア,メモリアムブルーリア,79,True
メモリアヴィオリーノ.jpg,メモリアヴィオリーノ,メモリアヴィオリーノ,64,True
メルヴェイユ.png,メルヴェイユ,メルヴェイユ,72,True
メロディックスフィア.png,メロディックスフィア,メロディックスフィア,74,True
メロディ・オブ・ザ・ジャッジメント.png,メロディ・オブ・ザ・ジャッジメント,メロディ・オブ・ザ・ジャッジメント,103,True
モンタギュオウス.png,モンタギュオウス,モンタギュオウス,42,True
ヤイアのちゃーはん.jpg,ヤイアのちゃーはん,ヤイアのちゃーはん,61,True
ユキハネ.png,ユキハネ,ユキハネ,36,True
ユグドラシル・ブランチ.png,ユグドラシル・ブランチ,ユグドラシル・ブランチ,59,True
ライズ・オブ・ジャスティス.png,ライズ・オブ・ジャスティス,ライズ・オブ・ジャスティス,50,True
ライトオープナー.png,ライトオープナー,ライトオープナー,53,True
ライトニング・サヴァイヴ.png,ライトニング・サヴァイヴ,ライトニング・サヴァイヴ,50,True
ライトニング・シュヴァルツ.png,ライトニング・シュヴァルツ,ライトニング・シュヴァルツ,50,True
ラカン.jpg,ラカン,ラカン,95,True
ラグランジュ.jpg,ラグランジュ,ラグランジュ,80,True
ラグーンエッジ.jpg,ラグーンエッジ,ラグーンエッジ,66,True
ラストストームハープ.png,ラストストームハープ,ラストストームハープ,61,True
ラストストームブレイド.png,ラストストームブレイド,ラストストームブレイド,33,True
ラストストームランス.png,ラストストームランス,ラストストームランス,52,True
ラスト・シャフレワル.png,ラスト・シャフレワル,ラスト・シャフレワル,84,True
ラスト・シン.png,ラスト・シン,ラスト・シン,59,True
ラドリスの護剣.jpg,ラドリスの護剣,ラドリスの護剣,57,True
ラファエル.png,ラファエル,ラファエル,46,True
ラブライブ!ライト.png,ラブライブ!ライト,ラブライブ!ライト,43,True
ラブリーエース.png,ラブリーエース,ラブリーエース,44,True
ラムスンド・ミーレス.jpg,ラムスンド・ミーレス,ラムスンド・ミーレス,52,True
ランゲレイク.png,ランゲレイク,ランゲレイク,66,True
ランゲレイク・ウヌ.png,ランゲレイク・ウヌ,ランゲレイク・ウヌ,74,True
ランゲレイク・クヴァール.png,ランゲレイク・クヴァール,ランゲレイク・クヴァール,74,True
ランゲレイク・クヴィン.png,ランゲレイク・クヴィン,ランゲレイク・クヴィン,74,True
ランゲレイク・セス.png,ランゲレイク・セス,ランゲレイク・セス,76,True
ランゲレイク・トリ.png,ランゲレイク・トリ,ランゲレイク・トリ,72,True
ランゲレイク・ドゥ.png,ランゲレイク・ドゥ,ランゲレイク・ドゥ,77,True
ランゲレイク・リビルド.png,ランゲレイク・リビルド,ランゲレイク・リビルド,70,True
ランス・オブ・ケルヴィム.png,ランス・オブ・ケルヴィム,ランス・オブ・ケルヴィム,55,True
ランス・オブ・コスモス.png,ランス・オブ・コスモス,ランス・オブ・コスモス,58,True
ランス・オブ・ニグレド.png,ランス・オブ・ニグレド,ランス・オブ・ニグレド,26,True
ランセット.png,ランセット,ランセット,43,True
ラ・シルフィード.jpg,ラ・シルフィード,ラ・シルフィード,85,True
ラースファイア・ミーレス.jpg,ラースファイア・ミーレス,こっこランタン,8,False
リスレット.png,リスレット,リスレット,78,True
リターナースタッフ.png,リターナースタッフ,リターナースタッフ,18,True
リトルブーケフルール.jpg,リトルブーケフルール,リトルブーケフルール,84,True
リトルヴァーミリオン.jpg,リトルヴァーミリオン,リトルヴァーミリオン,70,True
リバーススレッド.png,リバーススレッド,リバーススレッド,83,True
リフレクト・オブ・ザ・ムーン.png,リフレクト・オブ・ザ・ムーン,リフレクト・オブ・ザ・ムーン,53,True
リボン.png,リボン,リボン,43,True
リボンチャームブレス.jpg,リボンチャームブレス,リボンチャームブレス,60,True
リユニオン.png,リユニオン,リユニオン,77,True
リング・オブ・サン.png,リング・オブ・サン,リング・オブ・サン,42,True
リング・オブ・ラファエル.png,リング・オブ・ラファエル,リング・オブ・ラファエル,20,True
リンネ.png,リンネ,リンネ,75,True
ルべウス・スティーリア.jpg,ルべウス・スティーリア,ルべウス・スティーリア,80,True
ルオーホーン.png,ルオーホーン,ルオーホーン,94,True
ルナのおともだち.png,ルナのおともだち,ルナのおともだち,25,True
ルナ・ベアラー.png,ルナ・ベアラー,ルナ・ベアラー,97,True
ルネサンス・ハープ.png,ルネサンス・ハープ,ルネサンス・ハープ,45,True
ルペルカリア.png,ルペルカリア,ルペルカリア,52,True
ル・オー・フロート.jpg,ル・オー・フロート,ル・オー・フロート,29,True
ル・フェイ.png,ル・フェイ,ル・フェイ,57,True
ル・ポーター・ド・リオン.jpg,ル・ポーター・ド・リオン,ル・ポーター・ド・リオン,65,True
ルーナトゥム・プサルテリウム.jpg,ルーナトゥム・プサルテリウム,ルーナトゥム・プサルテリウム,17,True
ルーリングペン.png,ルーリングペン,ルーリングペン,63,True
ルールクール.jpg,ルールクール,ルールクール,55,True
ルーン.png,ルーン,ルーン,22,True
レイガン.png,レイガン,レイガン,66,True
レインディアーホーン.png,レインディアーホーン,レインディアーホーン,23,True
レインボーハンド.png,レインボーハンド,レインボーハンド,102,True
レインボーブレス.png,レインボーブレス,レインボーブレス,46,True
レオン・オブ・ワールド.jpg,レオン・オブ・ワールド,レオン・オブ・ワールド,45,True
レター.png,レター,レター,57,True
レッドサイクロン.png,レッドサイクロン,レッドサイクロン,32,True
レッドスフィア.png,レッドスフィア,レッドスフィア,35,True
レッド・サン.png,レッド・サン,レッド・サン,39,True
レルアバド.jpg,レルアバド,レルアバド,53,True
レヴィアンゲイズ・マグナ.png,レヴィアンゲイズ・マグナ,レヴィアンゲイズ・マグナ,65,True
レヴィアンゲイズ・マレ.jpg,レヴィアンゲイズ・マレ,レヴィアンゲイズ・マレ,103,True
レヴィアンスピア・マグナ.png,レヴィアンスピア・マグナ,レヴィアンスピア・マグナ,33,True
レヴィアンセプター・マグナ.png,レヴィアンセプター・マグナ,レヴィアンセプター・マグナ,50,True
レヴィアンブレード・マレ.jpg,レヴィアンブレード・マレ,レヴィアンブレード・マレ,63,True
レヴィアンヘッド・マレ.jpg,レヴィアンヘッド・マレ,レヴィアンヘッド・マレ,95,True
レヴィアンボウ・マグナ.png,レヴィアンボウ・マグナ,レヴィアンボウ・マグナ,48,True
レヴィオンシューター.png,レヴィオンシューター,レヴィオンシューター,68,True
レヴェイエ.png,レヴェイエ,レヴェイエ,87,True
レールガン.png,レールガン,レールガン,73,True
レーヴァテイン.png,レーヴァテイン,レーヴァテイン,65,True
ロイヤルストレートフラッシュ.jpg,ロイヤルストレートフラッシュ,ロイヤルストレートフラッシュ,49,True
ロケットランチャー.png,ロケットランチャー,ロケットランチャー,68,True
ロジックブレイカー.jpg,ロジックブレイカー,ロジックブレイカー,63,True
ロッド・オブ・コスモス.png,ロッド・オブ・コスモス,ロッド・オブ・コスモス,57,True
ロムフェーヤ.jpg,ロムフェーヤ,ロムフェーヤ,62,True
ロムルスの槍.png,ロムルスの槍,ロムルスの槍,41,True
ロムルスの槍・ウヌ.png,ロムルスの槍・ウヌ,ロムルスの槍・ウヌ,40,True
ロムルスの槍・クヴァール.png,ロムルスの槍・クヴァール,ロムルスの槍・クヴァール,37,True
ロムルスの槍・クヴィン.png,ロムルスの槍・クヴィン,ロムルスの槍・クヴィン,39,True
ロムルスの槍・セス.png,ロムルスの槍・セス,ロムルスの槍・セス,41,True
ロムルスの槍・トリ.png,ロムルスの槍・トリ,ロムルスの槍・トリ,40,True
ロムルスの槍・ドゥ.png,ロムルスの槍・ドゥ,ロムルスの槍・ドゥ,39,True
ロムルスの槍・リビルド.png,ロムルスの槍・リビルド,ロムルスの槍・リビルド,43,True
ロンギヌスの槍・汎人用.jpg,ロンギヌスの槍・汎人用,ロンギヌスの槍・汎人用,29,True
ロンゴミニアド.png,ロンゴミニアド,ロンゴミニアド,33,True
ローエングリン.png,ローエングリン,ローエングリン,71,True
ローズクリスタルアクス.png,ローズクリスタルアクス,ローズクリスタルアクス,77,True
ローズクリスタルクロウ.png,ローズクリスタルクロウ,ローズクリスタルクロウ,105,True
ローズクリスタルソード.png,ローズクリスタルソード,ローズクリスタルソード,53,True
ローズクリスタルナイフ.png,ローズクリスタルナイフ,ローズクリスタルナイフ,51,True
ローズクリスタルハープ.png,ローズクリスタルハープ,ローズクリスタルハープ,82,True
ローズクリスタルボウ.png,ローズクリスタルボウ,ローズクリスタルボウ,32,True
ローズクリスタルランス.png,ローズクリスタルランス,ローズクリスタルランス,20,True
ローズクリスタルワンド.png,ローズクリスタルワンド,ローズクリスタルワンド,51,True
ローゼンボーゲン.png,ローゼンボーゲン,ローゼンボーゲン,41,True
ローゼンボーゲン・ウヌ.png,ローゼンボーゲン・ウヌ,ローゼンボーゲン・ウヌ,45,True
ローゼンボーゲン・クヴァール.png,ローゼンボーゲン・クヴァール,ローゼンボーゲン・クヴァール,40,True
ローゼンボーゲン・クヴィン.png,ローゼンボーゲン・クヴィン,ローゼンボーゲン・クヴィン,40,True
ローゼンボーゲン・セス.png,ローゼンボーゲン・セス,ローゼンボーゲン・セス,43,True
ローゼンボーゲン・トリ.png,ローゼンボーゲン・トリ,ローゼンボーゲン・トリ,44,True
ローゼンボーゲン・ドゥ.png,ローゼンボーゲン・ドゥ,ローゼンボーゲン・ドゥ,48,True
ローゼンボーゲン・リビルド.png,ローゼンボーゲン・リビルド,ローゼンボーゲン・リビルド,44,True
ローゼンメイデン.png,ローゼンメイデン,ローゼンメイデン,26,True
ロード・オブ・フレイム.jpg,ロード・オブ・フレイム,ロード・オブ・フレイム,32,True
ワムデュスナイダリア.png,ワムデュスナイダリア,ワムデュスナイダリア,108,True
ワムデュス・サンタ.jpg,ワムデュス・サンタ,ワムデュス・サンタ,43,True
ワンド・オブ・ガブリエル.png,ワンド・オブ・ガブリエル,ワンド・オブ・ガブリエル,49,True
ワールド・エンド.png,ワールド・エンド,ワールド・エンド,74,True
ヴァイナテーヤ・ミーレス.jpg,ヴァイナテーヤ・ミーレス,ヴァイナテーヤ・ミーレス,66,True
ヴァサーゴ.png,ヴァサーゴ,ヴァサーゴ,57,True
ヴァリス.png,ヴァリス,ヴァリス,49,True
ヴァルテール.png,ヴァルテール,ヴァルテール,58,True
ヴィオラ・ナストロ.jpg,ヴィオラ・ナストロ,ヴィオラ・ナストロ,89,True
ヴィヒタ.png,ヴィヒタ,ヴィヒタ,93,True
ヴィルヘルム.png,ヴィルヘルム,ヴィルヘルム,108,True
ヴィルヘルム・ミーレス.jpg,ヴィルヘルム・ミーレス,ヴィルヘルム・ミーレス,102,True
ヴィントホーゼ.png,ヴィントホーゼ,ヴィントホーゼ,58,True
ヴェセラゴハーケン.png,ヴェセラゴハーケン,ヴェセラゴハーケン,56,True
ヴェルゲルミル.jpg,ヴェルゲルミル,ヴェルゲルミル,80,True
ヴェローナボウ.png,ヴェローナボウ,ヴェローナボウ,43,True
ヴォラン・プニャーレ.jpg,ヴォラン・プニャーレ,ヴォラン・プニャーレ,75,True
ヴリスラグナ.png,ヴリスラグナ,ヴリスラグナ,44,True
ヴリスラグナ・サンドカモ.png,ヴリスラグナ・サンドカモ,ヴリスラグナ・サンドカモ,53,True
一伐槍.png,一伐槍,一伐槍,28,True
一伐槍・凪.png,一伐槍・凪,一伐槍・凪,27,True
一伐槍・焔.png,一伐槍・焔,一伐槍・焔,27,True
一伐槍・煉.png,一伐槍・煉,一伐槍,27,False
一伐槍・煌.png,一伐槍・煌,一伐槍,25,False
一伐槍・界.png,一伐槍・界,一伐槍,27,False
一伐槍・疾天.png,一伐槍・疾天,一伐槍・疾天,28,True
一伐槍・白天.png,一伐槍・白天,一伐槍・白天,25,True
一伐槍・真.png,一伐槍・真,一伐槍・真,30,True
一伐槍・紅天.png,一伐槍・紅天,一伐槍・紅天,27,True
一伐槍・蒼天.png,一伐槍・蒼天,一伐槍・蒼天,28,True
一伐槍・轟天.png,一伐槍・轟天,一伐槍・蒼天,27,False
一伐槍・雪.png,一伐槍・雪,一伐槍,26,False
一伐槍・黒天.png,一伐槍・黒天,一伐槍・黒天,24,True
一期一振.png,一期一振,一期一振,25,True
七彩華刀.jpg,七彩華刀,七彩華刀,53,True
七星剣.png,七星剣,七星剣,63,True
七星剣・凪.png,七星剣・凪,七星剣・凪,62,True
七星剣・焔.png,七星剣・焔,七星剣・焔,61,True
七星剣・煉.png,七星剣・煉,七星剣・煉,65,True
七星剣・煌.png,七星剣・煌,七星剣・煌,63,True
七星剣・界.png,七星剣・界,七星剣・界,62,True
七星剣・疾天.png,七星剣・疾天,七星剣・疾天,68,True
七星剣・白天.png,七星剣・白天,七星剣・白天,63,True
七星剣・真.png,七星剣・真,七星剣・真,69,True
七星剣・紅天.png,七星剣・紅天,七星剣・紅天,74,True
七星剣・蒼天.png,七星剣・蒼天,七星剣・蒼天,76,True
七星剣・轟天.png,七星剣・轟天,七星剣・轟天,73,True
七星剣・雪.png,七星剣・雪,七星剣・雪,67,True
七星剣・黒天.png,七星剣・黒天,七星剣・黒天,75,True
万象尽滅の三又槍.jpg,万象尽滅の三又槍,万象尽滅の三又槍,77,True
万象尽滅の宝剣.jpg,万象尽滅の宝剣,万象尽滅の宝剣,79,True
万象尽滅の楽弦.jpg,万象尽滅の楽弦,万象尽滅の楽弦,80,True
万象尽滅の貫弓.jpg,万象尽滅の貫弓,万象尽滅の貫弓,88,True
万象尽滅の鋭刃.jpg,万象尽滅の鋭刃,万象尽滅の鋭刃,74,True
万象尽滅の鎧腕.jpg,万象尽滅の鎧腕,万象尽滅の鎧腕,93,True
万魔の銃.png,万魔の銃,万魔の銃,106,True
三寅斧.png,三寅斧,三寅斧,67,True
三寅斧・凪.png,三寅斧・凪,三寅斧・凪,65,True
三寅斧・焔.png,三寅斧・焔,三寅斧・焔,70,True
三寅斧・煉.png,三寅斧・煉,三寅斧・煉,69,True
三寅斧・煌.png,三寅斧・煌,三寅斧・煌,67,True
三寅斧・界.png,三寅斧・界,三寅斧・界,67,True
三寅斧・疾天.png,三寅斧・疾天,三寅斧・疾天,60,True
三寅斧・白天.png,三寅斧・白天,三寅斧・白天,73,True
三寅斧・真.png,三寅斧・真,三寅斧・真,70,True
三寅斧・紅天.png,三寅斧・紅天,三寅斧・紅天,63,True
三寅斧・蒼天.png,三寅斧・蒼天,三寅斧・蒼天,58,True
三寅斧・轟天.png,三寅斧・轟天,三寅斧・轟天,63,True
三寅斧・雪.png,三寅斧・雪,三寅斧・雪,70,True
三寅斧・黒天.png,三寅斧・黒天,三寅斧・黒天,62,True
三日月.png,三日月,三日月,31,True
三日月宗近.png,三日月宗近,三日月宗近,16,True
三相女神.png,三相女神,三相女神,67,True
不動国行.png,不動国行,不動国行,17,True
不死鳥の嘴刃.png,不死鳥の嘴刃,不死鳥の嘴刃,82,True
不死鳥の灯火.jpg,不死鳥の灯火,不死鳥の灯火,55,True
不死鳥の翼斧.png,不死鳥の翼斧,不死鳥の翼斧,71,True
不毀の籠手.png,不毀の籠手,不毀の籠手,102,True
与力十手.png,与力十手,与力十手,33,True
世界樹の幹甲・アルボス.jpg,世界樹の幹甲・アルボス,世界樹の幹甲・アルボス,108,True
世界樹の晶剣・アルボス.jpg,世界樹の晶剣・アルボス,世界樹の晶剣・アルボス,88,True
世界樹の晶剣・マグナ.png,世界樹の晶剣・マグナ,世界樹の晶剣・マグナ,59,True
世界樹の蔦弓・マグナ.png,世界樹の蔦弓・マグナ,世界樹の蔦弓・マグナ,52,True
世界樹の雫刃・マグナ.png,世界樹の雫刃・マグナ,世界樹の雫刃・マグナ,81,True
世界樹の雫弦・アルボス.jpg,世界樹の雫弦・アルボス,世界樹の雫弦・アルボス,95,True
世界樹の雫枝・マグナ.png,世界樹の雫枝・マグナ,世界樹の雫枝・マグナ,58,True
丙子椒林剣.png,丙子椒林剣,丙子椒林剣,42,True
九界琴.png,九界琴,九界琴,36,True
九界琴・凪.png,九界琴・凪,九界琴・凪,37,True
九界琴・焔.png,九界琴・焔,九界琴・焔,36,True
九界琴・煉.png,九界琴・煉,九界琴・煉,37,True
九界琴・煌.png,九界琴・煌,九界琴・煌,32,True
九界琴・界.png,九界琴・界,九界琴・界,36,True
九界琴・疾天.png,九界琴・疾天,九界琴・疾天,36,True
九界琴・白天.png,九界琴・白天,九界琴・白天,32,True
九界琴・真.png,九界琴・真,九界琴・真,38,True
九界琴・紅天.png,九界琴・紅天,九界琴・紅天,35,True
九界琴・蒼天.png,九界琴・蒼天,九界琴・蒼天,36,True
九界琴・轟天.png,九界琴・轟天,九界琴・轟天,33,True
九界琴・雪.png,九界琴・雪,九界琴・雪,35,True
九界琴・黒天.png,九界琴・黒天,九界琴・黒天,32,True
二王弓.png,二王弓,二王弓,44,True
二王弓・凪.png,二王弓・凪,二王弓・凪,42,True
二王弓・焔.png,二王弓・焔,二王弓・焔,42,True
二王弓・煉.png,二王弓・煉,二王弓・煉,41,True
二王弓・煌.png,二王弓・煌,二王弓・煌,42,True
二王弓・界.png,二王弓・界,二王弓・界,40,True
二王弓・疾天.png,二王弓・疾天,二王弓・疾天,43,True
二王弓・白天.png,二王弓・白天,二王弓・白天,41,True
二王弓・真.png,二王弓・真,二王弓・真,43,True
二王弓・紅天.png,二王弓・紅天,二王弓・紅天,43,True
二王弓・蒼天.png,二王弓・蒼天,二王弓・蒼天,44,True
二王弓・轟天.png,二王弓・轟天,二王弓・轟天,41,True
二王弓・雪.png,二王弓・雪,二王弓・雪,42,True
二王弓・黒天.png,二王弓・黒天,二王弓・黒天,42,True
五指の誓鎖.jpg,五指の誓鎖,五指の誓鎖,102,True
五神杖.png,五神杖,五神杖,40,True
五神杖・凪.png,五神杖・凪,五神杖・凪,43,True
五神杖・焔.png,五神杖・焔,五神杖・焔,44,True
五神杖・煉.png,五神杖・煉,五神杖・煉,42,True
五神杖・煌.png,五神杖・煌,五神杖・煌,44,True
五神杖・界.png,五神杖・界,五神杖・界,41,True
五神杖・疾天.png,五神杖・疾天,五神杖・疾天,42,True
五神杖・白天.png,五神杖・白天,五神杖・白天,49,True
五神杖・真.png,五神杖・真,五神杖・真,44,True
五神杖・紅天.png,五神杖・紅天,五神杖・紅天,46,True
五神杖・蒼天.png,五神杖・蒼天,五神杖・蒼天,44,True
五神杖・轟天.png,五神杖・轟天,五神杖・轟天,44,True
五神杖・雪.png,五神杖・雪,五神杖・雪,47,True
五神杖・黒天.png,五神杖・黒天,五神杖・黒天,41,True
侠客の仁剣.jpg,侠客の仁剣,侠客の仁剣,69,True
光の剣.png,光の剣,光の剣,44,True
八命切.png,八命切,八命切,13,True
八命切・凪.png,八命切・凪,八命切・凪,15,True
八命切・焔.png,八命切・焔,八命切・焔,16,True
八命切・煉.png,八命切・煉,八命切・煉,18,True
八命切・煌.png,八命切・煌,八命切・煌,12,True
八命切・界.png,八命切・界,八命切・界,13,True
八命切・疾天.png,八命切・疾天,八命切・疾天,15,True
八命切・白天.png,八命切・白天,八命切・白天,16,True
八命切・真.png,八命切・真,八命切・真,18,True
八命切・紅天.png,八命切・紅天,八命切・紅天,19,True
八命切・蒼天.png,八命切・蒼天,八命切・蒼天,13,True
八命切・轟天.png,八命切・轟天,八命切・轟天,16,True
八命切・雪.png,八命切・雪,八命切・煉,16,False
八命切・黒天.png,八命切・黒天,八命切・黒天,18,True
八幡薙刀.png,八幡薙刀,八幡薙刀,50,True
六崩拳.png,六崩拳,六崩拳,101,True
六崩拳・凪.png,六崩拳・凪,六崩拳・凪,105,True
六崩拳・焔.png,六崩拳・焔,六崩拳・焔,107,True
六崩拳・煉.png,六崩拳・煉,六崩拳・煉,101,True
六崩拳・煌.png,六崩拳・煌,六崩拳・煌,110,True
六崩拳・界.png,六崩拳・界,六崩拳・界,113,True
六崩拳・疾天.png,六崩拳・疾天,六崩拳・疾天,106,True
六崩拳・白天.png,六崩拳・白天,六崩拳・白天,116,True
六崩拳・真.png,六崩拳・真,六崩拳・真,99,True
六崩拳・紅天.png,六崩拳・紅天,六崩拳・紅天,102,True
六崩拳・蒼天.png,六崩拳・蒼天,六崩拳・蒼天,104,True
六崩拳・轟天.png,六崩拳・轟天,六崩拳・轟天,102,True
六崩拳・雪.png,六崩拳・雪,六崩拳・雪,111,True
六崩拳・黒天.png,六崩拳・黒天,六崩拳・黒天,98,True
六道・普天幻魔.png,六道・普天幻魔,六道・普天幻魔,63,True
六道・氷逆天の戦棍.png,六道・氷逆天の戦棍,六道・氷逆天の戦棍,35,True
六道・灼滅天の刃鎌.png,六道・灼滅天の刃鎌,六道・灼滅天の刃鎌,38,True
六道・裁考天の鳴弦.png,六道・裁考天の鳴弦,六道・裁考天の鳴弦,53,True
六道・道天浄土.png,六道・道天浄土,六道・道天浄土,64,True
六道・黄木天の箭.png,六道・黄木天の箭,六道・黄木天の箭,34,True
六韜軍配.jpg,六韜軍配,六韜軍配,64,True
冬ノ霜柱.png,冬ノ霜柱,冬ノ霜柱,55,True
凛のマラカス.png,凛のマラカス,凛のマラカス,38,True
凛雅の花槍.jpg,凛雅の花槍,凛雅の花槍,40,True
凱風絶刀.jpg,凱風絶刀,凱風絶刀,31,True
刀.png,刀,,0,False
刃鏡片.png,刃鏡片,刃鏡片,45,True
列剣フロガ.jpg,列剣フロガ,列剣フロガ,62,True
剛力丸・改.jpg,剛力丸・改,剛力丸・改,45,True
剣.png,剣,,0,False
剣聖の袋竹刀.png,剣聖の袋竹刀,剣聖の袋竹刀,39,True
剱嶽.png,剱嶽,剱嶽,52,True
劫風の翼鋭.jpg,劫風の翼鋭,劫風の翼鋭,83,True
匕首・十六串呂.jpg,匕首・十六串呂,匕首・十六串呂,37,True
医王善杖.jpg,医王善杖,医王善杖,66,True
十六夜.png,十六夜,十六夜,17,True
十天光輝の佩剣.png,十天光輝の佩剣,十天光輝の佩剣,59,True
十天光輝の懐剣.png,十天光輝の懐剣,十天光輝の懐剣,83,True
十天光輝の斤斧.png,十天光輝の斤斧,十天光輝の斤斧,50,True
十天光輝の短銃.png,十天光輝の短銃,十天光輝の短銃,49,True
十天光輝の突弓.png,十天光輝の突弓,十天光輝の突弓,53,True
十天光輝の竪琴.png,十天光輝の竪琴,十天光輝の竪琴,40,True
十天光輝の鉤爪.png,十天光輝の鉤爪,十天光輝の鉤爪,66,True
十天光輝の錫杖.png,十天光輝の錫杖,十天光輝の錫杖,31,True
十天光輝の長槍.png,十天光輝の長槍,十天光輝の長槍,20,True
十天光輝の陣刀.png,十天光輝の陣刀,十天光輝の陣刀,25,True
十狼雷.png,十狼雷,十狼雷,57,True
十狼雷・凪.png,十狼雷・凪,十狼雷・凪,65,True
十狼雷・焔.png,十狼雷・焔,十狼雷・焔,65,True
十狼雷・煉.png,十狼雷・煉,十狼雷・煉,66,True
十狼雷・煌.png,十狼雷・煌,十狼雷・煌,64,True
十狼雷・界.png,十狼雷・界,十狼雷・界,64,True
十狼雷・疾天.png,十狼雷・疾天,十狼雷・疾天,61,True
十狼雷・白天.png,十狼雷・白天,十狼雷・白天,63,True
十狼雷・真.png,十狼雷・真,十狼雷・真,60,True
十狼雷・紅天.png,十狼雷・紅天,十狼雷・紅天,61,True
十狼雷・蒼天.png,十狼雷・蒼天,十狼雷・蒼天,61,True
十狼雷・轟天.png,十狼雷・轟天,十狼雷・轟天,59,True
十狼雷・雪.png,十狼雷・雪,十狼雷・雪,66,True
十狼雷・黒天.png,十狼雷・黒天,十狼雷・黒天,58,True
千の顔を持つ英雄.jpg,千の顔を持つ英雄,千の顔を持つ英雄,45,True
千代紙風車.jpg,千代紙風車,千代紙風車,72,True
千子村正.png,千子村正,千子村正,21,True
千子村正・再誕.png,千子村正・再誕,千子村正・再誕,19,True
千子村正・月白.png,千子村正・月白,千子村正・月白,23,True
千子村正・漆黒.png,千子村正・漆黒,千子村正・漆黒,34,True
千子村正・猩々.png,千子村正・猩々,千子村正・猩々,27,True
千子村正・琅玕.png,千子村正・琅玕,千子村正・琅玕,24,True
千子村正・落葉.png,千子村正・落葉,千子村正・落葉,32,True
千子村正・露草.png,千子村正・露草,千子村正・露草,35,True
千年護持.jpg,千年護持,千年護持,35,True
双創・凱狼雷.jpg,双創・凱狼雷,双創・凱狼雷,79,True
双竜槍.png,双竜槍,双竜槍,52,True
双葬・落天刃.jpg,双葬・落天刃,双葬・落天刃,90,True
叡智と廻生の煌き.jpg,叡智と廻生の煌き,叡智と廻生の煌き,82,True
古戦場の遺刀.png,古戦場の遺刀,古戦場の遺刀,30,True
司法神の錫杖.png,司法神の錫杖,司法神の錫杖,51,True
君と僕の桃色水平線.jpg,君と僕の桃色水平線,君と僕の桃色水平線,82,True
呪蝕の骸槍.jpg,呪蝕の骸槍,呪蝕の骸槍,81,True
和道一文字.jpg,和道一文字,和道一文字,21,True
嘲りの鬼王槍.jpg,嘲りの鬼王槍,嘲りの鬼王槍,34,True
四天刃.png,四天刃,四天刃,65,True
四天刃・凪.png,四天刃・凪,四天刃・凪,68,True
四天刃・焔.png,四天刃・焔,四天刃・焔,67,True
四天刃・煉.png,四天刃・煉,四天刃・煉,66,True
四天刃・煌.png,四天刃・煌,四天刃・煌,70,True
四天刃・界.png,四天刃・界,四天刃・界,68,True
四天刃・疾天.png,四天刃・疾天,四天刃・疾天,69,True
四天刃・白天.png,四天刃・白天,四天刃・白天,71,True
四天刃・真.png,四天刃・真,四天刃・真,64,True
四天刃・紅天.png,四天刃・紅天,四天刃・紅天,72,True
四天刃・蒼天.png,四天刃・蒼天,四天刃・蒼天,74,True
四天刃・轟天.png,四天刃・轟天,四天刃・轟天,70,True
四天刃・雪.png,四天刃・雪,四天刃・雪,68,True
四天刃・黒天.png,四天刃・黒天,四天刃・黒天,65,True
因果の楔針.jpg,因果の楔針,因果の楔針,76,True
均衡の聖杖.jpg,均衡の聖杖,均衡の聖杖,68,True
報恩の剣.jpg,報恩の剣,報恩の剣,56,True
変幻之妙扇.jpg,変幻之妙扇,変幻之妙扇,79,True
夏の宵・紫陽.jpg,夏の宵・紫陽,夏の宵・紫陽,54,True
夏ノ陽炎.png,夏ノ陽炎,夏ノ陽炎,48,True
夜見之門.jpg,夜見之門,夜見之門,33,True
夢幻の蝋杖.jpg,夢幻の蝋杖,夢幻の蝋杖,58,True
夢見の書.png,夢見の書,夢見の書,66,True
大地の剣.png,大地の剣,大地の剣,74,True
天の鹿児弓.png,天の鹿児弓,天の鹿児弓,43,True
天叢雲剣.png,天叢雲剣,天叢雲剣,19,True
天叢雲剣・再誕.png,天叢雲剣・再誕,天叢雲剣・再誕,18,True
天叢雲剣・月白.png,天叢雲剣・月白,天叢雲剣・月白,19,True
天叢雲剣・漆黒.png,天叢雲剣・漆黒,天叢雲剣・漆黒,27,True
天叢雲剣・猩々.png,天叢雲剣・猩々,天叢雲剣・猩々,24,True
天叢雲剣・琅玕.png,天叢雲剣・琅玕,天叢雲剣・月白,17,False
天叢雲剣・落葉.png,天叢雲剣・落葉,天叢雲剣・落葉,21,True
天叢雲剣・露草.png,天叢雲剣・露草,天叢雲剣・露草,25,True
天干地支像・丑之飾.png,天干地支像・丑之飾,天干地支像・丑之飾,87,True
天干地支刀・卯之飾.jpg,天干地支刀・卯之飾,天干地支刀・卯之飾,45,True
天干地支刀・戌之威.jpg,天干地支刀・戌之威,天干地支刀・戌之威,88,True
天干地支刀・未之飾.png,天干地支刀・未之飾,天干地支刀・未之飾,43,True
天干地支刀・申之飾.png,天干地支刀・申之飾,天干地支刀・申之飾,36,True
天干地支剣・巳之飾.jpg,天干地支剣・巳之飾,天干地支剣・巳之飾,49,True
天干地支弓・午之飾.jpg,天干地支弓・午之飾,天干地支弓・午之飾,42,True
天干地支弓・酉之飾.png,天干地支弓・酉之飾,天干地支弓・酉之飾,75,True
天干地支扇・辰之飾.jpg,天干地支扇・辰之飾,天干地支扇・辰之飾,66,True
天干地支爪・寅之飾.jpg,天干地支爪・寅之飾,天干地支爪・寅之飾,97,True
天干地支爪・戌之飾.png,天干地支爪・戌之飾,天干地支爪・戌之飾,84,True
天干地支筒・子之飾.png,天干地支筒・子之飾,天干地支筒・子之飾,78,True
天干地支鈴・亥之飾.png,天干地支鈴・亥之飾,天干地支鈴・亥之飾,86,True
天枢・極星剣.jpg,天枢・極星剣,天枢・極星剣,72,True
天華簪.png,天華簪,天華簪,48,True
天風の鋭輪.jpg,天風の鋭輪,天風の鋭輪,81,True
太刀魚.png,太刀魚,太刀魚,62,True
太歳精弓.png,太歳精弓,太歳精弓,26,True
女王の一刺し.png,女王の一刺し,女王の一刺し,55,True
威光の逆鱗.jpg,威光の逆鱗,威光の逆鱗,87,True
子マッチョ.jpg,子マッチョ,子マッチョ,88,True
守畏禍棒.jpg,守畏禍棒,守畏禍棒,51,True
守護精霊の聖剣.png,守護精霊の聖剣,守護精霊の聖剣,46,True
安心と信頼の赤箱御守り.png,安心と信頼の赤箱御守り,安心と信頼の赤箱御守り,64,True
宝剣アンダリス.png,宝剣アンダリス,宝剣アンダリス,26,True
宝弓ロンドール.jpg,宝弓ロンドール,宝弓ロンドール,42,True
宵闇の堕杖.jpg,宵闇の堕杖,宵闇の堕杖,89,True
宿命鉄拳.png,宿命鉄拳,宿命鉄拳,55,True
宿無し.png,宿無し,宿無し,97,True
密偵の懐剣.jpg,密偵の懐剣,密偵の懐剣,58,True
富嶽景弓.jpg,富嶽景弓,富嶽景弓,87,True
封印の杖.png,封印の杖,封印の杖,33,True
封鍵クラウストルム.png,封鍵クラウストルム,封鍵クラウストルム,49,True
小型自動拳銃.png,小型自動拳銃,小型自動拳銃,56,True
屠坐魔.jpg,屠坐魔,屠坐魔,50,True
巌迫の躯杖.jpg,巌迫の躯杖,巌迫の躯杖,78,True
布都御魂.jpg,布都御魂,布都御魂,51,True
幻奏・沙界琴.jpg,幻奏・沙界琴,幻奏・沙界琴,74,True
幽冥の兇爪.jpg,幽冥の兇爪,幽冥の兇爪,61,True
弓.png,弓,,0,False
必滅弓.jpg,必滅弓,必滅弓,68,True
怨嗟の眼差し.jpg,怨嗟の眼差し,怨嗟の眼差し,68,True
悪意を纏う凶器.jpg,悪意を纏う凶器,悪意を纏う凶器,92,True
悪滅の雷.png,悪滅の雷,悪滅の雷,38,True
想い出の珈琲車厘.jpg,想い出の珈琲車厘,想い出の珈琲車厘,54,True
愛々傘.jpg,愛々傘,愛々傘,41,True
戦弓アウスヴァール.jpg,戦弓アウスヴァール,戦弓アウスヴァール,59,True
戦舞の矛.png,戦舞の矛,戦舞の矛,44,True
扇抜.png,扇抜,扇抜,25,True
手斧.png,手斧,手斧,54,True
揺るがぬ大地の拳.png,揺るがぬ大地の拳,揺るがぬ大地の拳,80,True
揺光.jpg,揺光,揺光,76,True
操制の魔刃.jpg,操制の魔刃,操制の魔刃,69,True
支配の天秤.png,支配の天秤,支配の天秤,36,True
散沙牡丹・夕時雨.jpg,散沙牡丹・夕時雨,散沙牡丹・夕時雨,17,True
数珠丸.png,数珠丸,数珠丸,22,True
斧.png,斧,,0,False
断罪の黎刃.jpg,断罪の黎刃,断罪の黎刃,38,True
新神気鋭・猫之印.jpg,新神気鋭・猫之印,新神気鋭・猫之印,44,True
旅立ちの魔箒.jpg,旅立ちの魔箒,旅立ちの魔箒,31,True
日輪刀.png,日輪刀,日輪刀,27,True
日輪橙音.png,日輪橙音,日輪橙音,43,True
日輪鈴.jpg,日輪鈴,日輪鈴,96,True
星屑の聖杖.png,星屑の聖杖,星屑の聖杖,64,True
春ノ柔風.png,春ノ柔風,春ノ柔風,25,True
春乱・真打.jpg,春乱・真打,春乱・真打,39,True
晩蝉.jpg,晩蝉,晩蝉,30,True
晴風番傘・花緑青.jpg,晴風番傘・花緑青,晴風番傘・花緑青,46,True
暁.png,暁,暁,68,True
暁闇と葬送の蝕み.jpg,暁闇と葬送の蝕み,暁闇と葬送の蝕み,99,True
暇無し.png,暇無し,暇無し,115,True
月刊キラメキVoL.29.jpg,月刊キラメキVoL.29,月刊キラメキVoL.29,54,True
木太刀.png,木太刀,木太刀,35,True
朱槍.png,朱槍,朱槍,60,True
朱雀光剣.png,朱雀光剣,朱雀光剣,56,True
朱雀光剣・王.png,朱雀光剣・王,朱雀光剣・王,55,True
朱雀光剣・覇.png,朱雀光剣・覇,朱雀光剣・覇,51,True
朱雀光剣・邪.png,朱雀光剣・邪,朱雀光剣・邪,54,True
朱雀翼弦.png,朱雀翼弦,朱雀翼弦,66,True
杖.png,杖,,0,False
果てぬ風呼の魔弓.png,果てぬ風呼の魔弓,果てぬ風呼の魔弓,54,True
柘榴石の鉞.png,柘榴石の鉞,柘榴石の鉞,52,True
格闘.png,格闘,,0,False
桃色の団扇.png,桃色の団扇,桃色の団扇,61,True
梵天添甲.png,梵天添甲,梵天添甲,87,True
森神の祈杖.png,森神の祈杖,森神の祈杖,55,True
極マリシ烈火ノ太刀.png,極マリシ烈火ノ太刀,極マリシ烈火ノ太刀,78,True
極・白刃.png,極・白刃,極・白刃,26,True
極神剣.png,極神剣,極神剣,62,True
楽器.png,楽器,,0,False
槍.png,槍,,0,False
橄欖の弩.png,橄欖の弩,橄欖の弩,71,True
武王の鉄剣.png,武王の鉄剣,武王の鉄剣,13,True
殊無し.jpg,殊無し,殊無し,96,True
毒手.png,毒手,毒手,39,True
水天の福音.jpg,水天の福音,水天の福音,88,True
水宝玉の手斧.png,水宝玉の手斧,水宝玉の手斧,69,True
水禍の麗傘.jpg,水禍の麗傘,水禍の麗傘,89,True
氷星の煌杖.png,氷星の煌杖,氷星の煌杖,53,True
氷晶刃.jpg,氷晶刃,氷晶刃,73,True
氷晶杖.png,氷晶杖,氷晶杖,73,True
永遠の知識求る竪琴.png,永遠の知識求る竪琴,永遠の知識求る竪琴,67,True
永遠の落款.jpg,永遠の落款,永遠の落款,35,True
永遠拒絶の剣(限界超越).jpg,永遠拒絶の剣(限界超越),永遠拒絶の剣(限界超越),73,True
永遠拒絶の剣.png,永遠拒絶の剣,永遠拒絶の剣,57,True
永遠拒絶の大鎌(限界超越).jpg,永遠拒絶の大鎌(限界超越),永遠拒絶の大鎌(限界超越),73,True
永遠拒絶の大鎌.png,永遠拒絶の大鎌,永遠拒絶の大鎌,56,True
永遠拒絶の太刀(限界超越).jpg,永遠拒絶の太刀(限界超越),永遠拒絶の太刀(限界超越),85,True
永遠拒絶の太刀.png,永遠拒絶の太刀,永遠拒絶の太刀,67,True
永遠拒絶の杖(限界超越).jpg,永遠拒絶の杖(限界超越),永遠拒絶の杖(限界超越),96,True
永遠拒絶の杖.png,永遠拒絶の杖,永遠拒絶の杖,53,True
永遠拒絶の槍(限界超越).jpg,永遠拒絶の槍(限界超越),永遠拒絶の槍(限界超越),86,True
永遠拒絶の槍.png,永遠拒絶の槍,永遠拒絶の槍,74,True
永遠拒絶の竪琴(限界超越).jpg,永遠拒絶の竪琴(限界超越),永遠拒絶の竪琴(限界超越),83,True
永遠拒絶の竪琴.png,永遠拒絶の竪琴,永遠拒絶の竪琴,86,True
河豚毒.png,河豚毒,河豚毒,33,True
泡沫夢幻.png,泡沫夢幻,泡沫夢幻,33,True
洞爺湖木刀.jpg,洞爺湖木刀,洞爺湖木刀,31,True
海の家のラーメン.jpg,海の家のラーメン,海の家のラーメン,96,True
清めと祓いの刃.png,清めと祓いの刃,清めと祓いの刃,67,True
温羅面金色之装.jpg,温羅面金色之装,温羅面金色之装,112,True
溟渤と激流の裁き.jpg,溟渤と激流の裁き,溟渤と激流の裁き,92,True
滅尽剣.jpg,滅尽剣,滅尽剣,80,True
火尖鎗.png,火尖鎗,火尖鎗,21,True
火雷大神.png,火雷大神,火雷大神,79,True
災禍の呪杖.jpg,災禍の呪杖,災禍の呪杖,102,True
炎の柱.png,炎の柱,炎の柱,70,True
炎威の翼鎌.jpg,炎威の翼鎌,炎威の翼鎌,74,True
烈弩宇威愚魂.png,烈弩宇威愚魂,烈弩宇威愚魂,36,True
焔ノ太刀.png,焔ノ太刀,アヤの弓,10,False
焚身怨甲.jpg,焚身怨甲,焚身怨甲,99,True
無垢鳥有刀.jpg,無垢鳥有刀,無垢鳥有刀,61,True
無我・天伐槍.jpg,無我・天伐槍,無我・天伐槍,29,True
無明滅却杵.jpg,無明滅却杵,無明滅却杵,48,True
燦花.jpg,燦花,燦花,30,True
爆豪の籠手.jpg,爆豪の籠手,爆豪の籠手,69,True
牛鬼包丁.png,牛鬼包丁,牛鬼包丁,48,True
特注合金製ヨーヨー.jpg,特注合金製ヨーヨー,特注合金製ヨーヨー,59,True
狂飆と至高の祈り.jpg,狂飆と至高の祈り,狂飆と至高の祈り,83,True
献誠・煌神杖.jpg,献誠・煌神杖,献誠・煌神杖,53,True
獅子王戦拳.png,獅子王戦拳,獅子王戦拳,93,True
玄武殻拳.png,玄武殻拳,玄武殻拳,112,True
玄武甲槌.png,玄武甲槌,玄武甲槌,51,True
玄武甲槌・王.png,玄武甲槌・王,玄武甲槌・王,50,True
玄武甲槌・覇.png,玄武甲槌・覇,玄武甲槌・覇,46,True
玄武甲槌・邪.png,玄武甲槌・邪,玄武甲槌・邪,46,True
瑠璃茉莉髪帯.png,瑠璃茉莉髪帯,瑠璃茉莉髪帯,59,True
甘々柘榴の鉞.jpg,甘々柘榴の鉞,甘々柘榴の鉞,67,True
白司雕竜.jpg,白司雕竜,白司雕竜,28,True
白氷碧扇.jpg,白氷碧扇,白氷碧扇,88,True
白耀剣.jpg,白耀剣,白耀剣,51,True
白芍巾着.jpg,白芍巾着,白芍巾着,76,True
白虎咆拳.png,白虎咆拳,白虎咆拳,99,True
白虎咆拳・王.png,白虎咆拳・王,白虎咆拳・王,103,True
白虎咆拳・覇.png,白虎咆拳・覇,白虎咆拳・覇,98,True
白虎咆拳・邪.png,白虎咆拳・邪,白虎咆拳・邪,98,True
白虎牙杖.png,白虎牙杖,白虎牙杖,42,True
白銀の弓.png,白銀の弓,白銀の弓,17,True
白銀の煌槍.jpg,白銀の煌槍,白銀の煌槍,52,True
盗賊の極意.jpg,盗賊の極意,盗賊の極意,78,True
盛夏と休息の剣.jpg,盛夏と休息の剣,盛夏と休息の剣,48,True
盟道・廻崩拳.jpg,盟道・廻崩拳,盟道・廻崩拳,103,True
相州正宗.png,相州正宗,相州正宗,34,True
真・普天幻魔.png,真・普天幻魔,真・普天幻魔,75,True
真・氷逆天の戦棍.png,真・氷逆天の戦棍,真・氷逆天の戦棍,57,True
真・灼滅天の刃鎌.png,真・灼滅天の刃鎌,真・灼滅天の刃鎌,37,True
真・裁考天の鳴弦.png,真・裁考天の鳴弦,真・裁考天の鳴弦,46,True
真・道天浄土.png,真・道天浄土,真・道天浄土,111,True
真・黄木天の箭.png,真・黄木天の箭,真・黄木天の箭,64,True
真打・無命切.jpg,真打・無命切,真打・無命切,34,True
真武虎薙.png,真武虎薙,真武虎薙,12,True
真滅・覇王弓.jpg,真滅・覇王弓,真滅・覇王弓,39,True
真理の短剣.jpg,真理の短剣,真理の短剣,65,True
短剣.png,短剣,,0,False
砂城の宮樂弦.png,砂城の宮樂弦,砂城の宮樂弦,28,True
硬の拳.jpg,硬の拳,硬の拳,87,True
硬式ナッコォ.png,硬式ナッコォ,硬式ナッコォ,53,True
祝命の霊角.jpg,祝命の霊角,祝命の霊角,81,True
神刃エクス・アシャワン.jpg,神刃エクス・アシャワン,神刃エクス・アシャワン,77,True
神剣エクス・ペリオン.jpg,神剣エクス・ペリオン,神剣エクス・ペリオン,70,True
神尽エクス・ミトラカルナ.jpg,神尽エクス・ミトラカルナ,神尽エクス・ミトラカルナ,90,True
神弓エクス・アウストラリス.jpg,神弓エクス・アウストラリス,神弓エクス・アウストラリス,37,True
神弓エクス・クローダ.jpg,神弓エクス・クローダ,神弓エクス・クローダ,71,True
神授のリラ.png,神授のリラ,神授のリラ,30,True
神旺エクス・アリスタルコス.jpg,神旺エクス・アリスタルコス,神旺エクス・アリスタルコス,99,True
神旺エクス・エピアルテス.jpg,神旺エクス・エピアルテス,神旺エクス・エピアルテス,113,True
神杖エクス・ハマルティア.jpg,神杖エクス・ハマルティア,神杖エクス・ハマルティア,74,True
神杖エクス・ヘリオセント.jpg,神杖エクス・ヘリオセント,神杖エクス・ヘリオセント,79,True
神槍エクス・クシャスラ.jpg,神槍エクス・クシャスラ,神槍エクス・クシャスラ,49,True
神銃エクス・アンタイオス.jpg,神銃エクス・アンタイオス,神銃エクス・アンタイオス,59,True
神銃エクス・エヴィルエニス.jpg,神銃エクス・エヴィルエニス,神銃エクス・エヴィルエニス,58,True
禁命の廻杖.jpg,禁命の廻杖,禁命の廻杖,78,True
禁命の悍弓.jpg,禁命の悍弓,禁命の悍弓,115,True
禁命の禍剣.jpg,禁命の禍剣,禁命の禍剣,112,True
禁望の憧弦.jpg,禁望の憧弦,禁望の憧弦,71,True
禁望の禍刀.jpg,禁望の禍刀,禁望の禍刀,86,True
禁望の輝弓.jpg,禁望の輝弓,禁望の輝弓,78,True
禁栄の灼拳.jpg,禁栄の灼拳,禁栄の灼拳,109,True
禁栄の禍槍.jpg,禁栄の禍槍,禁栄の禍槍,98,True
禁栄の絶砲.jpg,禁栄の絶砲,禁栄の絶砲,88,True
禁破の封槌.jpg,禁破の封槌,禁破の封槌,79,True
禁破の抉槍.jpg,禁破の抉槍,禁破の抉槍,64,True
禁破の禍刃.jpg,禁破の禍刃,禁破の禍刃,115,True
秋ノ落葉.png,秋ノ落葉,秋ノ落葉,25,True
秘丹弥虚羅多包丁.png,秘丹弥虚羅多包丁,秘丹弥虚羅多包丁,56,True
秘刀ヴェルヴェーヌ.jpg,秘刀ヴェルヴェーヌ,秘刀ヴェルヴェーヌ,54,True
稜鏡の鎚杖.png,稜鏡の鎚杖,稜鏡の鎚杖,67,True
究極不変のダイアグラム.jpg,究極不変のダイアグラム,究極不変のダイアグラム,45,True
空気砲.jpg,空気砲,空気砲,22,True
穿ち門松.png,穿ち門松,穿ち門松,69,True
突込の一撃.jpg,突込の一撃,突込の一撃,72,True
竜伐の剛牙.jpg,竜伐の剛牙,竜伐の剛牙,47,True
竜伐の撃爪.jpg,竜伐の撃爪,竜伐の撃爪,94,True
竜槍.png,竜槍,竜槍,35,True
童子切安綱.jpg,童子切安綱,童子切安綱,35,True
第一子行弾弓.jpg,第一子行弾弓,第一子行弾弓,64,True
第一子行霊杖.jpg,第一子行霊杖,第一子行霊杖,96,True
第一子行鞭.jpg,第一子行鞭,第一子行鞭,20,True
第三双寅行弓.jpg,第三双寅行弓,第三双寅行弓,96,True
第九申行棒.png,第九申行棒,第九申行棒,52,True
第二丑行柔爪.jpg,第二丑行柔爪,第二丑行柔爪,66,True
第二丑行浮輪.jpg,第二丑行浮輪,第二丑行浮輪,72,True
第八綿羊行刃.png,第八綿羊行刃,第八綿羊行刃,49,True
第八綿羊行太刀.jpg,第八綿羊行太刀,第八綿羊行太刀,60,True
第十一戌行刃.jpg,第十一戌行刃,第十一戌行刃,26,True
第十一戌行袋爪.jpg,第十一戌行袋爪,第十一戌行袋爪,109,True
第十二猪行槍.png,第十二猪行槍,第十二猪行槍,65,True
第十酉行杖.jpg,第十酉行杖,第十酉行杖,63,True
第十酉行筒.jpg,第十酉行筒,第十酉行筒,70,True
第四卯行突匙.jpg,第四卯行突匙,第四卯行突匙,25,True
紅陽扇.png,紅陽扇,紅陽扇,94,True
紫梓想憧.jpg,紫梓想憧,紫梓想憧,69,True
紫紅ノ霆風.jpg,紫紅ノ霆風,紫紅ノ霆風,37,True
絶壊・威寅斧.jpg,絶壊・威寅斧,絶壊・威寅斧,65,True
絶対否定の剣(限界超越).jpg,絶対否定の剣(限界超越),絶対否定の剣(限界超越),83,True
絶対否定の剣.png,絶対否定の剣,絶対否定の剣,59,True
絶対否定の大鎌(限界超越).jpg,絶対否定の大鎌(限界超越),絶対否定の大鎌(限界超越),52,True
絶対否定の大鎌.png,絶対否定の大鎌,絶対否定の大鎌,40,True
絶対否定の太刀(限界超越).jpg,絶対否定の太刀(限界超越),絶対否定の太刀(限界超越),21,True
絶対否定の太刀.png,絶対否定の太刀,絶対否定の太刀,17,True
絶対否定の杖(限界超越).jpg,絶対否定の杖(限界超越),絶対否定の杖(限界超越),60,True
絶対否定の杖.png,絶対否定の杖,絶対否定の杖,48,True
絶対否定の槍(限界超越).jpg,絶対否定の槍(限界超越),絶対否定の槍(限界超越),63,True
絶対否定の槍.png,絶対否定の槍,絶対否定の槍,57,True
絶対否定の竪琴(限界超越).jpg,絶対否定の竪琴(限界超越),絶対否定の竪琴(限界超越),96,True
絶対否定の竪琴.png,絶対否定の竪琴,絶対否定の竪琴,68,True
絶拳.png,絶拳,絶拳,102,True
綉毬.jpg,綉毬,綉毬,69,True
緋紋の絢斧.png,緋紋の絢斧,緋紋の絢斧,58,True
緋翔蒼舞扇.jpg,緋翔蒼舞扇,緋翔蒼舞扇,83,True
緋舞扇.png,緋舞扇,緋舞扇,97,True
美と慈愛の杖.png,美と慈愛の杖,美と慈愛の杖,49,True
義勇のキリジ.jpg,義勇のキリジ,義勇のキリジ,41,True
聖域の守護剣.png,聖域の守護剣,聖域の守護剣,71,True
聖域の錫杖.png,聖域の錫杖,聖域の錫杖,51,True
聖布の槍.png,聖布の槍,聖布の槍,72,True
聖狐狸弦.png,聖狐狸弦,聖狐狸弦,25,True
英雄王の戦斧.png,英雄王の戦斧,英雄王の戦斧,100,True
英雄王の槍.png,英雄王の槍,英雄王の槍,28,True
蒼宵光華.png,蒼宵光華,蒼宵光華,75,True
蒼桜紅葉丸.jpg,蒼桜紅葉丸,蒼桜紅葉丸,25,True
蒼紅之華刀.png,蒼紅之華刀,蒼紅之華刀,55,True
薄緑.png,薄緑,薄緑,23,True
藍炎之刃.jpg,藍炎之刃,藍炎之刃,51,True
虎鶇.jpg,虎鶇,虎鶇,64,True
虚無ノ哭風.png,虚無ノ哭風,虚無ノ哭風,65,True
虚空の拝腕.png,虚空の拝腕,虚空の拝腕,62,True
虚空の晶塊.png,虚空の晶塊,虚空の晶塊,72,True
虚空の楔槍.png,虚空の楔槍,虚空の楔槍,33,True
虚空の歪弦.png,虚空の歪弦,虚空の歪弦,99,True
虚空の裂剣.png,虚空の裂剣,虚空の裂剣,83,True
虹の弓.png,虹の弓,虹の弓,63,True
虹の琴.jpg,虹の琴,虹の琴,41,True
術繰の籠手.jpg,術繰の籠手,術繰の籠手,79,True
裁きの鳴雷.png,裁きの鳴雷,裁きの鳴雷,43,True
西風の竪琴.png,西風の竪琴,西風の竪琴,85,True
角力軍配.jpg,角力軍配,角力軍配,99,True
記録のフュルフェーダー.jpg,記録のフュルフェーダー,記録のフュルフェーダー,63,True
誓いと洗礼の剣.png,誓いと洗礼の剣,誓いと洗礼の剣,40,True
豊穣と恩愛の寿ぎ.jpg,豊穣と恩愛の寿ぎ,豊穣と恩愛の寿ぎ,51,True
貫き門松.png,貫き門松,貫き門松,46,True
赤き熾炎の剣.png,赤き熾炎の剣,赤き熾炎の剣,70,True
超カッコいいライフル.png,超カッコいいライフル,超カッコいいライフル,64,True
輝剣クラウ・ソラス.png,輝剣クラウ・ソラス,輝剣クラウ・ソラス,62,True
輝剣クラウ・ソラス・ディオン.jpg,輝剣クラウ・ソラス・ディオン,輝剣クラウ・ソラス・ディオン,59,True
輝羅煌閃杖.png,輝羅煌閃杖,輝羅煌閃杖,71,True
迦具夜之扇子.jpg,迦具夜之扇子,迦具夜之扇子,45,True
追幻妄執具弦.jpg,追幻妄執具弦,追幻妄執具弦,34,True
追熟の烈酒.jpg,追熟の烈酒,追熟の烈酒,39,True
醤箸玉杯.jpg,醤箸玉杯,醤箸玉杯,104,True
金属バット.png,金属バット,金属バット,40,True
銀氷の槍グレイシャー.png,銀氷の槍グレイシャー,銀氷の槍グレイシャー,30,True
銃.png,銃,,0,False
閃刃の剣斧.png,閃刃の剣斧,閃刃の剣斧,57,True
闇の子の歯牙.png,闇の子の歯牙,闇の子の歯牙,73,True
阿修羅.png,阿修羅,阿修羅,27,True
降魔の包丁.png,降魔の包丁,降魔の包丁,61,True
隷獣と神使の鎖弓.jpg,隷獣と神使の鎖弓,隷獣と神使の鎖弓,57,True
雄渾と灼熱の調べ.jpg,雄渾と灼熱の調べ,雄渾と灼熱の調べ,83,True
雷上動.png,雷上動,雷上動,40,True
雷公刃ユピテル.png,雷公刃ユピテル,雷公刃ユピテル,58,True
雷切.png,雷切,雷切,27,True
雷神矛.png,雷神矛,雷神矛,47,True
霧氷剣ペルソス.png,霧氷剣ペルソス,霧氷剣ペルソス,45,True
青竜牙矛.png,青竜牙矛,青竜牙矛,33,True
青竜牙矛・王.png,青竜牙矛・王,青竜牙矛・王,31,True
青竜牙矛・覇.png,青竜牙矛・覇,青竜牙矛・覇,30,True
青竜牙矛・邪.png,青竜牙矛・邪,青竜牙矛・邪,29,True
青竜髭刃.png,青竜髭刃,青竜髭刃,24,True
青紅葉.jpg,青紅葉,青紅葉,19,True
響魂の鼓.png,響魂の鼓,響魂の鼓,50,True
響魂の鼓・再誕.png,響魂の鼓・再誕,響魂の鼓・再誕,48,True
響魂の鼓・月白.png,響魂の鼓・月白,響魂の鼓・月白,51,True
響魂の鼓・漆黒.png,響魂の鼓・漆黒,響魂の鼓・漆黒,46,True
響魂の鼓・猩々.png,響魂の鼓・猩々,響魂の鼓・猩々,54,True
響魂の鼓・琅玕.png,響魂の鼓・琅玕,響魂の鼓・琅玕,52,True
響魂の鼓・落葉.png,響魂の鼓・落葉,響魂の鼓・落葉,48,True
響魂の鼓・露草.png,響魂の鼓・露草,響魂の鼓・露草,51,True
願いのアーデ・ゲーツェ.jpg,願いのアーデ・ゲーツェ,願いのアーデ・ゲーツェ,61,True
風信子の護剣.png,風信子の護剣,風信子の護剣,51,True
風神剣.png,風神剣,風神剣,49,True
骨食.jpg,骨食,骨食,76,True
鬼丸国綱.png,鬼丸国綱,鬼丸国綱,25,True
鬼切安綱.jpg,鬼切安綱,鬼切安綱,35,True
鬼神の籠手.png,鬼神の籠手,鬼神の籠手,69,True
鬼神の籠手・再誕.png,鬼神の籠手・再誕,鬼神の籠手・再誕,71,True
鬼神の籠手・月白.png,鬼神の籠手・月白,鬼神の籠手・月白,67,True
鬼神の籠手・漆黒.png,鬼神の籠手・漆黒,鬼神の籠手・漆黒,66,True
鬼神の籠手・猩々.png,鬼神の籠手・猩々,鬼神の籠手・猩々,70,True
鬼神の籠手・琅玕.png,鬼神の籠手・琅玕,鬼神の籠手・琅玕,65,True
鬼神の籠手・落葉.png,鬼神の籠手・落葉,鬼神の籠手・落葉,65,True
鬼神の籠手・露草.png,鬼神の籠手・露草,鬼神の籠手・露草,65,True
魔剣天魔.jpg,魔剣天魔,魔剣天魔,44,True
鶴丸国永.png,鶴丸国永,鶴丸国永,25,True
麒麟剣.png,麒麟剣,麒麟剣,58,True
麒麟弓.png,麒麟弓,麒麟弓,38,True
麒麟弦.png,麒麟弦,麒麟弦,46,True
麺や油星幟.jpg,麺や油星幟,麺や油星幟,66,True
黄龍刀.png,黄龍刀,黄龍刀,26,True
黄龍拳.png,黄龍拳,黄龍拳,101,True
黄龍槍.png,黄龍槍,黄龍槍,72,True
黒の鉤爪.jpg,黒の鉤爪,黒の鉤爪,52,True
黒旋風.png,黒旋風,黒旋風,72,True
黒漆太刀.jpg,黒漆太刀,黒漆太刀,57,True
黒獅子の牙斧.jpg,黒獅子の牙斧,黒獅子の牙斧,55,True
黒竜のアギト.png,黒竜のアギト,黒竜のアギト,59,True
黒竜騎士団制式帯剣・対竜.jpg,黒竜騎士団制式帯剣・対竜,黒竜騎士団制式帯剣・対竜,39,True
黒紫舞傘.jpg,黒紫舞傘,黒紫舞傘,50,True
黒銀の滅爪.png,黒銀の滅爪,黒銀の滅爪,97,True
龍虎双滅拳.png,龍虎双滅拳,龍虎双滅拳,109,True
