old_name,new_name
D・ビィ.png,D・ビィ.png
SSR武器一覧.png,SSR武器一覧.png
S・D.png,S・D.png
くるりん祈願の金箱御守り.png,くるりん祈願の金箱御守り.png
こっこランタン.jpg,こっこランタン.jpg
とんがり帽子の黒猫.jpg,とんがり帽子の黒猫.jpg
ねこの正礼装.jpg,ねこの正礼装.jpg
ぴにゃの書.png,ぴにゃの書.png
もぐら座旗.jpg,もぐら座旗.jpg
アイオーン.png,アイオーン.png
アイスクレイモア.png,アイスクレイモア.png
アイン・ソフ.png,アイン・ソフ.png
アヴェンジャー.png,アヴェンジャー.png
アヴェンジャー・ウヌ.png,アヴェンジャー・ウヌ.png
アヴェンジャー・クヴァール.png,アヴェンジャー・クヴァール.png
アヴェンジャー・クヴィン.png,アヴェンジャー・クヴィン.png
アヴェンジャー・セス.png,アヴェンジャー・セス.png
アヴェンジャー・ドゥ.png,アヴェンジャー・ドゥ.png
アヴェンジャー・トリ.png,アヴェンジャー・トリ.png
アヴェンジャー・リビルド.png,アヴェンジャー・リビルド.png
アウギュステ記念晶杖.png,アウギュステ記念晶杖.png
アエトス・オブ・ワールド.jpg,アエトス・オブ・ワールド.jpg
アガルタ猟団制式短剣.jpg,アガルタ猟団制式短剣.jpg
アゴナイズ.png,アゴナイズ.png
アサルトライフル・汎人用.jpg,アサルトライフル・汎人用.jpg
アシッドボルト.png,アシッドボルト.png
アシュケロン.png,アシュケロン.png
アシュケロン・ウヌ.png,アシュケロン・ウヌ.png
アシュケロン・クヴァール.png,アシュケロン・クヴァール.png
アシュケロン・クヴィン.png,アシュケロン・クヴィン.png
アシュケロン・セス.png,アシュケロン・セス.png
アシュケロン・ドゥ.png,アシュケロン・ドゥ.png
アシュケロン・トリ.png,アシュケロン・トリ.png
アシュケロン・リビルド.png,アシュケロン・リビルド.png
アスカロン.png,アスカロン.png
アスクレピオスの杖.png,アスクレピオスの杖.png
アストロモデル.jpg,アストロモデル.jpg
アゾット.png,アゾット.png
アッキヌフォート.png,アッキヌフォート.png
アックスガール・アックス.png,アックスガール・アックス.png
アッズーロ・コルダ.jpg,アッズーロ・コルダ.jpg
アドヴォケイト.png,アドヴォケイト.png
アトランティス.jpg,アトランティス.jpg
アトロシウスブラッド.jpg,アトロシウスブラッド.jpg
アナザースカイ.png,アナザースカイ.png
アネモイの銀琴.png,アネモイの銀琴.png
アビスストライカー.png,アビスストライカー.png
アビススパイン.png,アビススパイン.png
アビスルック.png,アビスルック.png
アビュドス.jpg,アビュドス.jpg
アブシンベル.jpg,アブシンベル.jpg
アマク・オン・オロド.jpg,アマク・オン・オロド.jpg
アマラントス.jpg,アマラントス.jpg
アミュナ・サイフォス.jpg,アミュナ・サイフォス.jpg
アヤの弓.png,アヤの弓.png
アラクネ.png,アラクネ.png
アラベスク.png,アラベスク.png
アラベスク・ウヌ.png,アラベスク・ウヌ.png
アラベスク・クヴァール.png,アラベスク・クヴァール.png
アラベスク・クヴィン.png,アラベスク・クヴィン.png
アラベスク・セス.png,アラベスク・セス.png
アラベスク・ドゥ.png,アラベスク・ドゥ.png
アラベスク・トリ.png,アラベスク・トリ.png
アラベスク・リビルド.png,アラベスク・リビルド.png
アリトリエ.jpg,アリトリエ.jpg
アルカブ.png,アルカブ.png
アルカブ・プリオル.png,アルカブ・プリオル.png
アルカブ・プリオル・ミーレス.jpg,アルカブ・プリオル・ミーレス.jpg
アルカン・ルージュ.jpg,アルカン・ルージュ.jpg
アルジュナン・ボウ.png,アルジュナン・ボウ.png
アルスターボウ.jpg,アルスターボウ.jpg
アルセーヌ.png,アルセーヌ.png
アルテミスボウ.png,アルテミスボウ.png
アルト・ナーゲル.jpg,アルト・ナーゲル.jpg
アルバコアブレード.png,アルバコアブレード.png
アルバコアボディ.jpg,アルバコアボディ.jpg
アルベス・デミクロン.png,アルベス・デミクロン.png
アルベス・レプリカ.png,アルベス・レプリカ.png
アロー・オブ・コスモス.png,アロー・オブ・コスモス.png
アワリティアスピア.png,アワリティアスピア.png
アンゲルス・オブ・ワールド.jpg,アンゲルス・オブ・ワールド.jpg
アンダン・ポーラーセクター.jpg,アンダン・ポーラーセクター.jpg
アンドロメダ.jpg,アンドロメダ.jpg
アントウェルペン.png,アントウェルペン.png
アンノウンスタンプ.png,アンノウンスタンプ.png
アンノウンソード.png,アンノウンソード.png
アンノウンワンド.png,アンノウンワンド.png
アーキテクトベース.png,アーキテクトベース.png
アーク.png,アーク.png
アークゥイバス・ラフィネス.jpg,アークゥイバス・ラフィネス.jpg
アーソン・ブレイズ.jpg,アーソン・ブレイズ.jpg
イイルクーン.png,イイルクーン.png
イクサバ.png,イクサバ.png
イシェド.jpg,イシェド.jpg
イシュクルシャフト.png,イシュクルシャフト.png
イシュタル.png,イシュタル.png
イノセント・フィギュア.png,イノセント・フィギュア.png
イノセント・ラヴ.png,イノセント・ラヴ.png
イフリートハルベルト.png,イフリートハルベルト.png
イペタム.png,イペタム.png
イペタム・ウヌ.png,イペタム・ウヌ.png
イペタム・クヴァール.png,イペタム・クヴァール.png
イペタム・クヴィン.png,イペタム・クヴィン.png
イペタム・セス.png,イペタム・セス.png
イペタム・ドゥ.png,イペタム・ドゥ.png
イペタム・トリ.png,イペタム・トリ.png
イペタム・リビルド.png,イペタム・リビルド.png
イマジナリーナックル.jpg,イマジナリーナックル.jpg
イリュージョンセプター.png,イリュージョンセプター.png
インサイテッドランス.jpg,インサイテッドランス.jpg
インドラリム.png,インドラリム.png
インドラリム・ミーレス.jpg,インドラリム・ミーレス.jpg
インフェルノリークス.png,インフェルノリークス.png
イーウィヤビーク.png,イーウィヤビーク.png
イーリアスボウ.png,イーリアスボウ.png
ヴァイナテーヤ・ミーレス.jpg,ヴァイナテーヤ・ミーレス.jpg
ヴァサーゴ.png,ヴァサーゴ.png
ヴァリス.png,ヴァリス.png
ヴァルテール.png,ヴァルテール.png
ヴィオラ・ナストロ.jpg,ヴィオラ・ナストロ.jpg
ヴィヒタ.png,ヴィヒタ.png
ヴィルヘルム.png,ヴィルヘルム.png
ヴィルヘルム・ミーレス.jpg,ヴィルヘルム・ミーレス.jpg
ヴィントホーゼ.png,ヴィントホーゼ.png
ヴェセラゴハーケン.png,ヴェセラゴハーケン.png
ヴェルゲルミル.jpg,ヴェルゲルミル.jpg
ヴェローナボウ.png,ヴェローナボウ.png
ヴォラン・プニャーレ.jpg,ヴォラン・プニャーレ.jpg
ヴリスラグナ.png,ヴリスラグナ.png
ヴリスラグナ・サンドカモ.png,ヴリスラグナ・サンドカモ.png
ウアス・セプトラ.jpg,ウアス・セプトラ.jpg
ウィッチブルーム.png,ウィッチブルーム.png
ウィルナスフィンガー.png,ウィルナスフィンガー.png
ウィルナス・オー・ランタン.jpg,ウィルナス・オー・ランタン.jpg
ウィルムスウォード.png,ウィルムスウォード.png
ウィーブルロッド.png,ウィーブルロッド.png
ウェルギリウス.png,ウェルギリウス.png
ウェールズフラッグ.jpg,ウェールズフラッグ.jpg
ウコンバサラ.png,ウコンバサラ.png
ウシュムガル.png,ウシュムガル.png
ウットリュフ串.png,ウットリュフ串.png
ウニウス.png,ウニウス.png
ウラエウス.jpg,ウラエウス.jpg
ウルジュワーニー.jpg,ウルジュワーニー.jpg
ウルスラグローブ.jpg,ウルスラグローブ.jpg
ウルツァイトサイズ.png,ウルツァイトサイズ.png
ウルレ・ラム.jpg,ウルレ・ラム.jpg
ウロボロス.png,ウロボロス.png
ウロボロス・オリジン.png,ウロボロス・オリジン.png
ウロボロス・メビウス.jpg,ウロボロス・メビウス.jpg
ウン・ハイル.png,ウン・ハイル.png
ウーチンフィスト.png,ウーチンフィスト.png
エウリピデス.png,エウリピデス.png
エウリュトスボウ.png,エウリュトスボウ.png
エキササイズ・リース.jpg,エキササイズ・リース.jpg
エクセキューショナー.jpg,エクセキューショナー.jpg
エスカラスハープ.png,エスカラスハープ.png
エスナ.jpg,エスナ.jpg
エターナル・ラヴ.png,エターナル・ラヴ.png
エッケザックス.png,エッケザックス.png
エッタマク・イオ.jpg,エッタマク・イオ.jpg
エデソ.jpg,エデソ.jpg
エデン.png,エデン.png
エビスプレッダー.png,エビスプレッダー.png
エフェス.jpg,エフェス.jpg
エペ・サンティユモン.jpg,エペ・サンティユモン.jpg
エムブラスク・デミクロン.png,エムブラスク・デミクロン.png
エムブラスク・レプリカ.png,エムブラスク・レプリカ.png
エリクトニオス.png,エリクトニオス.png
エリクトニオス・ミーレス.jpg,エリクトニオス・ミーレス.jpg
エルケーニヒ・アウスヴァイス.jpg,エルケーニヒ・アウスヴァイス.jpg
エレシュキガル.jpg,エレシュキガル.jpg
エンシェントバンテージ.png,エンシェントバンテージ.png
エーケイ・フォーエイ.png,エーケイ・フォーエイ.png
エーテリアルボウ.png,エーテリアルボウ.png
オブシダンソード.png,オブシダンソード.png
オフィーリア.png,オフィーリア.png
オベロン.png,オベロン.png
オリバー.png,オリバー.png
オリバー・ウヌ.png,オリバー・ウヌ.png
オリバー・クヴァール.png,オリバー・クヴァール.png
オリバー・クヴィン.png,オリバー・クヴィン.png
オリバー・セス.png,オリバー・セス.png
オリバー・ドゥ.png,オリバー・ドゥ.png
オリバー・トリ.png,オリバー・トリ.png
オリバー・リビルド.png,オリバー・リビルド.png
オルレアン・フラッグ.png,オルレアン・フラッグ.png
オンリー・プリティ・ガール.png,オンリー・プリティ・ガール.png
オーシャンクライン.jpg,オーシャンクライン.jpg
オーシャンハープ.png,オーシャンハープ.png
オーダーブリンガー.jpg,オーダーブリンガー.jpg
オートクレール.png,オートクレール.png
オートルフォア・エペ.jpg,オートルフォア・エペ.jpg
オーナメントパドル.jpg,オーナメントパドル.jpg
オーバーライド.jpg,オーバーライド.jpg
オーラフラジェルム.png,オーラフラジェルム.png
オールド・アルテミスボウ.png,オールド・アルテミスボウ.png
オールド・エッケザックス.png,オールド・エッケザックス.png
オールド・オベロン.png,オールド・オベロン.png
オールド・コルタナ.png,オールド・コルタナ.png
オールド・ナラクーバラ.png,オールド・ナラクーバラ.png
オールド・ペルセウス.png,オールド・ペルセウス.png
オーロラボウ.png,オーロラボウ.png
ガストラフェテス.png,ガストラフェテス.png
ガチャッティ.png,ガチャッティ.png
ガラン・ビペンヌ.jpg,ガラン・ビペンヌ.jpg
ガリレオ・サイト.png,ガリレオ・サイト.png
ガルガンチュア.png,ガルガンチュア.png
ガレヲンジョー.png,ガレヲンジョー.png
ガレヲン・フロート.jpg,ガレヲン・フロート.jpg
ガンドリン.png,ガンドリン.png
ガントレット・オブ・コスモス.png,ガントレット・オブ・コスモス.png
ガンバンテイン.png,ガンバンテイン.png
ガン・オブ・コスモス.png,ガン・オブ・コスモス.png
ガーリッシュドルチェ.jpg,ガーリッシュドルチェ.jpg
ガーンディーヴァ.png,ガーンディーヴァ.png
カエールベル.png,カエールベル.png
カシウスの槍・汎人用.jpg,カシウスの槍・汎人用.jpg
カピラヴァストゥ.png,カピラヴァストゥ.png
カピラヴァストゥ・ウヌ.png,カピラヴァストゥ・ウヌ.png
カピラヴァストゥ・クヴァール.png,カピラヴァストゥ・クヴァール.png
カピラヴァストゥ・クヴィン.png,カピラヴァストゥ・クヴィン.png
カピラヴァストゥ・セス.png,カピラヴァストゥ・セス.png
カピラヴァストゥ・ドゥ.png,カピラヴァストゥ・ドゥ.png
カピラヴァストゥ・トリ.png,カピラヴァストゥ・トリ.png
カピラヴァストゥ・リビルド.png,カピラヴァストゥ・リビルド.png
カマソッツ.jpg,カマソッツ.jpg
カラダンダ.png,カラダンダ.png
カラドボルグ.png,カラドボルグ.png
カルンウェナン.png,カルンウェナン.png
カ・プア・ウイ.png,カ・プア・ウイ.png
カースドブレイド.png,カースドブレイド.png
カーラウロプス.png,カーラウロプス.png
ギガントアームズ.png,ギガントアームズ.png
ギガントスライサー.png,ギガントスライサー.png
ギガントナックル.png,ギガントナックル.png
ギガントブレイダー.png,ギガントブレイダー.png
ギャラクティカインパクト.png,ギャラクティカインパクト.png
ギュムノートゥス.png,ギュムノートゥス.png
キス・オブ・ザ・デビル.png,キス・オブ・ザ・デビル.png
キタラアングリカ.png,キタラアングリカ.png
キック力増強シューズ.png,キック力増強シューズ.png
キャットテイル.png,キャットテイル.png
キャピュレティオウス.png,キャピュレティオウス.png
キュートアップブラシ.jpg,キュートアップブラシ.jpg
キング・ア・スラスト.jpg,キング・ア・スラスト.jpg
グシスナウタル.jpg,グシスナウタル.jpg
グラッドアイ.png,グラッドアイ.png
グラッドビーク.jpg,グラッドビーク.jpg
グラナート・オブ・ウェールズ.png,グラナート・オブ・ウェールズ.png
グラム.png,グラム.png
グランテピエ.png,グランテピエ.png
グラーシーザー.png,グラーシーザー.png
グリダーヴォル.png,グリダーヴォル.png
グリンブルスティ.jpg,グリンブルスティ.jpg
グレイシャル・ミーレス.jpg,グレイシャル・ミーレス.jpg
グレイプニル.png,グレイプニル.png
グレートスピア.png,グレートスピア.png
グロウノス・デミクロン.png,グロウノス・デミクロン.png
グローブ・オブ・ウリエル.png,グローブ・オブ・ウリエル.png
グングニル.png,グングニル.png
クフア・レイオマノ.png,クフア・レイオマノ.png
クラッシュ・オブ・ザ・タワー.png,クラッシュ・オブ・ザ・タワー.png
クラブクラブ.png,クラブクラブ.png
クラリオン.png,クラリオン.png
クラーケンクラブ.jpg,クラーケンクラブ.jpg
クリスタルベルフラワー.png,クリスタルベルフラワー.png
クリスタルルーン.png,クリスタルルーン.png
クリスマスワンド.png,クリスマスワンド.png
クリムゾンスケイル.jpg,クリムゾンスケイル.jpg
クリムゾンスティンガー.jpg,クリムゾンスティンガー.jpg
クリムゾンフィンガー.png,クリムゾンフィンガー.png
クリーピィクロウ.jpg,クリーピィクロウ.jpg
クレイヴ・ソリッシュ.png,クレイヴ・ソリッシュ.png
クレティネ.png,クレティネ.png
クークヴァーギア・ミーレス.jpg,クークヴァーギア・ミーレス.jpg
ゲイアサイル.png,ゲイアサイル.png
ゲイダーグ.png,ゲイダーグ.png
ケペシュ.png,ケペシュ.png
ケラウノス.png,ケラウノス.png
ケラウノス・ウヌ.png,ケラウノス・ウヌ.png
ケラウノス・クヴァール.png,ケラウノス・クヴァール.png
ケラウノス・クヴィン.png,ケラウノス・クヴィン.png
ケラウノス・セス.png,ケラウノス・セス.png
ケラウノス・ドゥ.png,ケラウノス・ドゥ.png
ケラウノス・トリ.png,ケラウノス・トリ.png
ケラウノス・リビルド.png,ケラウノス・リビルド.png
ケラク.png,ケラク.png
ケルベロス・オーダー.png,ケルベロス・オーダー.png
ケーリュケイオン.png,ケーリュケイオン.png
ケーン・オブ・シャイニー.jpg,ケーン・オブ・シャイニー.jpg
ゴシックカトラリー.png,ゴシックカトラリー.png
ゴッド・アドヴェント.png,ゴッド・アドヴェント.png
ゴットフリート.png,ゴットフリート.png
ゴトルベルケーン.png,ゴトルベルケーン.png
ゴライコウ.png,ゴライコウ.png
ゴールデンエビスプレッダー.png,ゴールデンエビスプレッダー.png
ゴールデンブロッサム.png,ゴールデンブロッサム.png
ゴールデンプレミアムソード.png,ゴールデンプレミアムソード.png
ゴールデンベル.png,ゴールデンベル.png
ゴールドスライムベル.png,ゴールドスライムベル.png
ゴールドドラゴン.png,ゴールドドラゴン.png
ココ&ミミ.png,ココ&ミミ.png
コニファラス.png,コニファラス.png
コマンダーピストル.png,コマンダーピストル.png
コムラビ.png,コムラビ.png
コルクバレットシューター.jpg,コルクバレットシューター.jpg
コルタナ.png,コルタナ.png
コロッサスカービン・マグナ.png,コロッサスカービン・マグナ.png
コロッサスケーン・イラ.jpg,コロッサスケーン・イラ.jpg
コロッサスケーン・マグナ.png,コロッサスケーン・マグナ.png
コロッサスバスター・イラ.jpg,コロッサスバスター・イラ.jpg
コロッサスブレード・マグナ.png,コロッサスブレード・マグナ.png
コロッサスフィスト・マグナ.png,コロッサスフィスト・マグナ.png
コロッサスボンバー・イラ.jpg,コロッサスボンバー・イラ.jpg
コロンバ.png,コロンバ.png
コンコルディア.jpg,コンコルディア.jpg
コンテネレッツァ.jpg,コンテネレッツァ.jpg
コーデックス・オブ・マナリア.jpg,コーデックス・オブ・マナリア.jpg
コートシップ・ブーケ.png,コートシップ・ブーケ.png
コールブランド.jpg,コールブランド.jpg
ザ・ダイナソー.jpg,ザ・ダイナソー.jpg
サイコガントレット.png,サイコガントレット.png
サイス・オブ・コスモス.png,サイス・オブ・コスモス.png
サイス・オブ・ベリアル.png,サイス・オブ・ベリアル.png
サイレントナイトリークス.jpg,サイレントナイトリークス.jpg
サジタリウスボウ.png,サジタリウスボウ.png
サティフィケイト.png,サティフィケイト.png
サマージェネシス.png,サマージェネシス.png
サマーナイト・ブレイズ.jpg,サマーナイト・ブレイズ.jpg
サマーヒーリング.jpg,サマーヒーリング.jpg
サマーフリーズパラソル.jpg,サマーフリーズパラソル.jpg
サマーメモリーリークス.png,サマーメモリーリークス.png
サンクトリア.jpg,サンクトリア.jpg
サンシャインブレード.png,サンシャインブレード.png
サンスポットスピア.png,サンスポットスピア.png
サンセットブレイズ.jpg,サンセットブレイズ.jpg
サンダードーム.jpg,サンダードーム.jpg
サンダー・オブ・ファントム.png,サンダー・オブ・ファントム.png
サンフラワーワンド.png,サンフラワーワンド.png
ジャックナイフ.jpg,ジャックナイフ.jpg
ジュエルリゾートモデル.png,ジュエルリゾートモデル.png
ジュワユース.png,ジュワユース.png
シェキナーの弓.png,シェキナーの弓.png
シェヘラザード.jpg,シェヘラザード.jpg
シグルズの弓.png,シグルズの弓.png
シグルズボウ・ミーレス.jpg,シグルズボウ・ミーレス.jpg
シザーハンズ.png,シザーハンズ.png
シネンシス.png,シネンシス.png
シャジャラ・ジン.jpg,シャジャラ・ジン.jpg
シャドウサーペント.png,シャドウサーペント.png
シャドバデバイス.png,シャドバデバイス.png
シャフレワル.png,シャフレワル.png
シャローム・ボウ.png,シャローム・ボウ.png
シャークバイト.png,シャークバイト.png
シュヴァリエセイバー・クレド.jpg,シュヴァリエセイバー・クレド.jpg
シュヴァリエソード・マグナ.png,シュヴァリエソード・マグナ.png
シュヴァリエハープ・マグナ.png,シュヴァリエハープ・マグナ.png
シュヴァリエブージ・マグナ.png,シュヴァリエブージ・マグナ.png
シュヴァリエボルト・クレド.jpg,シュヴァリエボルト・クレド.jpg
シュヴァリエボルト・マグナ.png,シュヴァリエボルト・マグナ.png
シュヴァリエランス・クレド.jpg,シュヴァリエランス・クレド.jpg
シュレディンガー.jpg,シュレディンガー.jpg
シューニャ.png,シューニャ.png
ショット・オブ・ザ・スター.png,ショット・オブ・ザ・スター.png
ショロトルリッパー.png,ショロトルリッパー.png
シリンジ・オア・トリート.jpg,シリンジ・オア・トリート.jpg
シルバースライムベル.png,シルバースライムベル.png
シルフィウム.png,シルフィウム.png
シンメトリア.jpg,シンメトリア.jpg
シーオブドリーム.jpg,シーオブドリーム.jpg
シースフィア.jpg,シースフィア.jpg
スヴァルガントレット.png,スヴァルガントレット.png
スウィートサプライズ.jpg,スウィートサプライズ.jpg
スカイエース.png,スカイエース.png
スカイバケーション.jpg,スカイバケーション.jpg
スカーフェイス.jpg,スカーフェイス.jpg
スキニス.png,スキニス.png
スクールバッグ.png,スクールバッグ.png
スケブ練習帳.jpg,スケブ練習帳.jpg
スコフニュング.png,スコフニュング.png
スコフニュング・ウヌ.png,スコフニュング・ウヌ.png
スコフニュング・クヴァール.png,スコフニュング・クヴァール.png
スコフニュング・クヴィン.png,スコフニュング・クヴィン.png
スコフニュング・セス.png,スコフニュング・セス.png
スコフニュング・ドゥ.png,スコフニュング・ドゥ.png
スコフニュング・トリ.png,スコフニュング・トリ.png
スコフニュング・リビルド.png,スコフニュング・リビルド.png
ストラトゥムバンカー.png,ストラトゥムバンカー.png
ストリートファイト.png,ストリートファイト.png
ストロベリースイング.jpg,ストロベリースイング.jpg
スナックポール.png,スナックポール.png
スナップブレード.png,スナップブレード.png
スノウリィメビウス.png,スノウリィメビウス.png
スノー・フレーク.png,スノー・フレーク.png
スパイクシューター.png,スパイクシューター.png
スパルナフェザー.png,スパルナフェザー.png
スパルナフェザー・ミーレス.jpg,スパルナフェザー・ミーレス.jpg
スピリットシーカー.png,スピリットシーカー.png
スピリット・オブ・マナ.png,スピリット・オブ・マナ.png
スピンブレード・V2.jpg,スピンブレード・V2.jpg
スプラッシュハウル.jpg,スプラッシュハウル.jpg
スプリットエンド.png,スプリットエンド.png
スプーキー・ミュー.jpg,スプーキー・ミュー.jpg
スファライ.png,スファライ.png
スラーンド.png,スラーンド.png
スレイプニルシュー.png,スレイプニルシュー.png
スワン.jpg,スワン.jpg
ゼカリヤ.png,ゼカリヤ.png
セィワール・ラハブ.jpg,セィワール・ラハブ.jpg
セイクリッドフレイム・ミーレス.jpg,セイクリッドフレイム・ミーレス.jpg
セイクリッドランス.png,セイクリッドランス.png
セイファート.png,セイファート.png
セイレーノス.jpg,セイレーノス.jpg
セイントクリスタル.png,セイントクリスタル.png
セイントスタークラッカー.png,セイントスタークラッカー.png
セイントファウンテン.jpg,セイントファウンテン.jpg
セッテ・ディ・スパーダ.jpg,セッテ・ディ・スパーダ.jpg
セプティアンバーナー.png,セプティアンバーナー.png
セフィラの翠刀.png,セフィラの翠刀.png
セフィラの翠刃.png,セフィラの翠刃.png
セフィラの翠剣.png,セフィラの翠剣.png
セフィラの翠弓.jpg,セフィラの翠弓.jpg
セフィラの翠弦.png,セフィラの翠弦.png
セフィラの翠杖.png,セフィラの翠杖.png
セフィラの翠甲.png,セフィラの翠甲.png
セフィラの翠矛.png,セフィラの翠矛.png
セフィラの翠銃.png,セフィラの翠銃.png
セフィラの翠鎌.png,セフィラの翠鎌.png
セラステス.png,セラステス.png
セレストグレース・アーテル.jpg,セレストグレース・アーテル.jpg
セレストクロー・マグナ.png,セレストクロー・マグナ.png
セレストザグナル・マグナ.png,セレストザグナル・マグナ.png
セレストセイバー・アーテル.jpg,セレストセイバー・アーテル.jpg
セレストダガー・アーテル.jpg,セレストダガー・アーテル.jpg
セレストハープ・マグナ.png,セレストハープ・マグナ.png
セレストホーン・マグナ.png,セレストホーン・マグナ.png
セ・ラ・ヴィ.png,セ・ラ・ヴィ.png
ゾア・イエシェンナ.jpg,ゾア・イエシェンナ.jpg
ゾディアコ・ヴィテ.jpg,ゾディアコ・ヴィテ.jpg
ゾーシモス.jpg,ゾーシモス.jpg
ソウルイーター.png,ソウルイーター.png
ソウル・オブ・プレトー.jpg,ソウル・オブ・プレトー.jpg
ソルジャーボウ.png,ソルジャーボウ.png
ソル・フラマ.png,ソル・フラマ.png
ソル・レムナント.png,ソル・レムナント.png
ソロモンアクセル.jpg,ソロモンアクセル.jpg
ソロモンドライブ.png,ソロモンドライブ.png
ソロモンドライブ・ミーレス.jpg,ソロモンドライブ・ミーレス.jpg
ソーサリー・クリマ・タクト.jpg,ソーサリー・クリマ・タクト.jpg
ソードコーン.png,ソードコーン.png
ソード・オブ・コスモス.png,ソード・オブ・コスモス.png
ソード・オブ・ミカエル.png,ソード・オブ・ミカエル.png
ソーレ・インテンソ.jpg,ソーレ・インテンソ.jpg
ダイモーンスパイン.png,ダイモーンスパイン.png
ダイヤモンドエッジ.png,ダイヤモンドエッジ.png
ダウルダヴラ.jpg,ダウルダヴラ.jpg
ダガー・オブ・コスモス.png,ダガー・オブ・コスモス.png
ダルドゥール.jpg,ダルドゥール.jpg
ダルモアン・ウォーアクス.png,ダルモアン・ウォーアクス.png
ダンテの竪琴.png,ダンテの竪琴.png
ダンデライオン.png,ダンデライオン.png
ダンテ・アリギエーリ.png,ダンテ・アリギエーリ.png
ダン・デュ・シャ.jpg,ダン・デュ・シャ.jpg
ダーインスレイブ.png,ダーインスレイブ.png
ダーリィ・ブレイド.jpg,ダーリィ・ブレイド.jpg
タァ・セネン.jpg,タァ・セネン.jpg
タアロ・マサラ.png,タアロ・マサラ.png
タイ・オブ・ザ・ハングドマン.png,タイ・オブ・ザ・ハングドマン.png
タウルス・オブ・ワールド.jpg,タウルス・オブ・ワールド.jpg
タオタオ・フー.jpg,タオタオ・フー.jpg
タケミナカタ.png,タケミナカタ.png
タバルジン.png,タバルジン.png
タミン・サリ.png,タミン・サリ.png
タラヴァガニ.png,タラヴァガニ.png
タンザナイトブレイド.png,タンザナイトブレイド.png
タンザナイト・デュエラム.jpg,タンザナイト・デュエラム.jpg
チェーン・オブ・カウカソス.png,チェーン・オブ・カウカソス.png
チチウシ.png,チチウシ.png
チャーミング・ブルーム.png,チャーミング・ブルーム.png
ツヴァイ・シェーデル.png,ツヴァイ・シェーデル.png
ツークフォーゲル・フェーダー.jpg,ツークフォーゲル・フェーダー.jpg
ツーバイフォー.png,ツーバイフォー.png
ディアテシア.jpg,ディアテシア.jpg
ディアドリッククロー.png,ディアドリッククロー.png
ディアドリックシンボル.png,ディアドリックシンボル.png
ディアドリックハート.png,ディアドリックハート.png
ディアボロスボウ.png,ディアボロスボウ.png
ディアマントフルレ.jpg,ディアマントフルレ.jpg
ディザスタークロー.jpg,ディザスタークロー.jpg
ディスタント・レクイエム.png,ディスタント・レクイエム.png
ディスターバンスシグナ.png,ディスターバンスシグナ.png
ディスペアー.png,ディスペアー.png
ディニタドゥーカ.jpg,ディニタドゥーカ.jpg
ディープデザイア.png,ディープデザイア.png
デコル・シカリウス.jpg,デコル・シカリウス.jpg
デスシンボル.png,デスシンボル.png
デスハンド.png,デスハンド.png
デモネン・フルーゲル.jpg,デモネン・フルーゲル.jpg
デモン・アドヴォケイト.png,デモン・アドヴォケイト.png
デモン・アドヴォケイト・ミーレス.jpg,デモン・アドヴォケイト・ミーレス.jpg
デュアリティソード.jpg,デュアリティソード.jpg
デュアルヘリックス.png,デュアルヘリックス.png
デュランダル.png,デュランダル.png
デルタ・クォーツ.png,デルタ・クォーツ.png
ティアドロップ・マンドリン.jpg,ティアドロップ・マンドリン.jpg
ティアマトアムード・マグナ.png,ティアマトアムード・マグナ.png
ティアマトエッジ・アウラ.jpg,ティアマトエッジ・アウラ.jpg
ティアマトガントレ・マグナ.png,ティアマトガントレ・マグナ.png
ティアマトグレイブ・マグナ.png,ティアマトグレイブ・マグナ.png
ティアマトシュート・アウラ.jpg,ティアマトシュート・アウラ.jpg
ティアマトボルト・アウラ.jpg,ティアマトボルト・アウラ.jpg
ティアマトボルト・オリジン.png,ティアマトボルト・オリジン.png
ティアマトボルト・マグナ.png,ティアマトボルト・マグナ.png
テイウァッツ.png,テイウァッツ.png
テュルソス.png,テュルソス.png
テュロスビネット.png,テュロスビネット.png
テュロスボウ.png,テュロスボウ.png
テュロスワンド.png,テュロスワンド.png
テンタクルジャベリン.jpg,テンタクルジャベリン.jpg
ドゥルール・クラポティ.jpg,ドゥルール・クラポティ.jpg
ドス.png,ドス.png
ドナー・トレーネ.png,ドナー・トレーネ.png
ドミニオンハープ.png,ドミニオンハープ.png
ドラグクロー.png,ドラグクロー.png
ドラグホーン.png,ドラグホーン.png
ドラゴニックバスター.png,ドラゴニックバスター.png
ドラゴニックハープ.png,ドラゴニックハープ.png
ドラゴニックブレイド.png,ドラゴニックブレイド.png
ドラゴニックファイア.png,ドラゴニックファイア.png
ドラゴニックボウ.png,ドラゴニックボウ.png
ドラゴニックロッド.png,ドラゴニックロッド.png
ドラゴンスレイヤー.png,ドラゴンスレイヤー.png
ドラゴンバスター.png,ドラゴンバスター.png
ドリル.png,ドリル.png
ドリームマンディアン.jpg,ドリームマンディアン.jpg
ドンパッチソード.png,ドンパッチソード.png
ドン・パリピニオン.jpg,ドン・パリピニオン.jpg
ド根性グローブ.png,ド根性グローブ.png
トゥリビューナルリラ・ミーレス.jpg,トゥリビューナルリラ・ミーレス.jpg
トリアイナ.png,トリアイナ.png
トリックサーペント.png,トリックサーペント.png
トリック・オア・トリート.png,トリック・オア・トリート.png
トリートスティック.png,トリートスティック.png
トリート・アンド・ストレイン.jpg,トリート・アンド・ストレイン.jpg
トリート・ウロボロス.png,トリート・ウロボロス.png
トレピリ.png,トレピリ.png
トロピカルウィンター.png,トロピカルウィンター.png
トロピカルフェアリー.png,トロピカルフェアリー.png
トーニーローズ.png,トーニーローズ.png
ナイトメアバンカー.png,ナイトメアバンカー.png
ナイト・オブ・アイス.jpg,ナイト・オブ・アイス.jpg
ナイト・ライダー.jpg,ナイト・ライダー.jpg
ナラクーバラ.png,ナラクーバラ.png
ナーゲルリング.png,ナーゲルリング.png
ニオウ.jpg,ニオウ.jpg
ニバンボシ.png,ニバンボシ.png
ニルヴァーナ.png,ニルヴァーナ.png
ニルヴァーナ・ウヌ.png,ニルヴァーナ・ウヌ.png
ニルヴァーナ・クヴァール.png,ニルヴァーナ・クヴァール.png
ニルヴァーナ・クヴィン.png,ニルヴァーナ・クヴィン.png
ニルヴァーナ・セス.png,ニルヴァーナ・セス.png
ニルヴァーナ・ドゥ.png,ニルヴァーナ・ドゥ.png
ニルヴァーナ・トリ.png,ニルヴァーナ・トリ.png
ニルヴァーナ・リビルド.png,ニルヴァーナ・リビルド.png
ニンジンブレード.png,ニンジンブレード.png
ニーベルン・グラス.png,ニーベルン・グラス.png
ニーベルン・クリンゲ.png,ニーベルン・クリンゲ.png
ニーベルン・ホルン.png,ニーベルン・ホルン.png
ニーベルン・メッサー.png,ニーベルン・メッサー.png
ニーラカンタ.png,ニーラカンタ.png
ヌシブロウ・バズーカ.jpg,ヌシブロウ・バズーカ.jpg
ネギの杖.jpg,ネギの杖.jpg
ネコパンチ・プロ.png,ネコパンチ・プロ.png
ネブカドネザル.png,ネブカドネザル.png
ネブカドネザル・ウヌ.png,ネブカドネザル・ウヌ.png
ネブカドネザル・クヴァール.png,ネブカドネザル・クヴァール.png
ネブカドネザル・クヴィン.png,ネブカドネザル・クヴィン.png
ネブカドネザル・セス.png,ネブカドネザル・セス.png
ネブカドネザル・ドゥ.png,ネブカドネザル・ドゥ.png
ネブカドネザル・トリ.png,ネブカドネザル・トリ.png
ネブカドネザル・リビルド.png,ネブカドネザル・リビルド.png
ネプテゥヌスの三叉鉾.png,ネプテゥヌスの三叉鉾.png
ネフティスクリス.png,ネフティスクリス.png
ネフティスフォーク.png,ネフティスフォーク.png
ネーレウスの杖.png,ネーレウスの杖.png
ノクスミーティア.jpg,ノクスミーティア.jpg
ノーティーウィッチ.jpg,ノーティーウィッチ.jpg
ノーフェイス.png,ノーフェイス.png
バイデント.png,バイデント.png
バカンス・ツールボックス.jpg,バカンス・ツールボックス.jpg
バスティネード.jpg,バスティネード.jpg
バハムートアクス・ノヴム.png,バハムートアクス・ノヴム.png
バハムートアクス・フツルス.png,バハムートアクス・フツルス.png
バハムートスタッフ・ノヴム.png,バハムートスタッフ・ノヴム.png
バハムートスタッフ・フツルス.png,バハムートスタッフ・フツルス.png
バハムートスピア・ノヴム.png,バハムートスピア・ノヴム.png
バハムートスピア・フツルス.png,バハムートスピア・フツルス.png
バハムートソード・ノヴム.png,バハムートソード・ノヴム.png
バハムートソード・フツルス.png,バハムートソード・フツルス.png
バハムートダガー・ノヴム.png,バハムートダガー・ノヴム.png
バハムートダガー・フツルス.png,バハムートダガー・フツルス.png
バハムートナックル・ノヴム.png,バハムートナックル・ノヴム.png
バハムートナックル・フツルス.png,バハムートナックル・フツルス.png
バハムートハープ・ノヴム.png,バハムートハープ・ノヴム.png
バハムートハープ・フツルス.png,バハムートハープ・フツルス.png
バハムートブレイド・ノヴム.png,バハムートブレイド・ノヴム.png
バハムートブレイド・フツルス.png,バハムートブレイド・フツルス.png
バハムートボウ・ノヴム.png,バハムートボウ・ノヴム.png
バハムートボウ・フツルス.png,バハムートボウ・フツルス.png
バハムートマズル・ノヴム.png,バハムートマズル・ノヴム.png
バハムートマズル・フツルス.png,バハムートマズル・フツルス.png
バビロンの導杖.png,バビロンの導杖.png
バブルガムバンカー.jpg,バブルガムバンカー.jpg
バブルレター.png,バブルレター.png
バブ・エル・マンデブ.png,バブ・エル・マンデブ.png
バブ・ベル・ランデヴ.jpg,バブ・ベル・ランデヴ.jpg
バリアントランス.jpg,バリアントランス.jpg
バルムンク.png,バルムンク.png
バレンタインソード.png,バレンタインソード.png
バレンタインワンド.png,バレンタインワンド.png
バロウキャッツハンド.jpg,バロウキャッツハンド.jpg
バンチ・オブ・バナナス.png,バンチ・オブ・バナナス.png
バンブーシャフト.png,バンブーシャフト.png
バーベル.png,バーベル.png
パイルスマッシュ.jpg,パイルスマッシュ.jpg
パラシュ.png,パラシュ.png
パラスの剣.png,パラスの剣.png
パラスソード・ミーレス.jpg,パラスソード・ミーレス.jpg
パラゾニウム.png,パラゾニウム.png
パンタグリュエル.jpg,パンタグリュエル.jpg
パントフル・ド・マシーヌ.jpg,パントフル・ド・マシーヌ.jpg
パーマフロスト・ソード.png,パーマフロスト・ソード.png
ハイメタルストック.png,ハイメタルストック.png
ハイランドクーガー.jpg,ハイランドクーガー.jpg
ハイリゲスシュヴェールト.png,ハイリゲスシュヴェールト.png
ハイロイヤルポール.png,ハイロイヤルポール.png
ハッピーエンドクィル.jpg,ハッピーエンドクィル.jpg
ハッピーエンドベル.png,ハッピーエンドベル.png
ハッピーエンドルフィン.jpg,ハッピーエンドルフィン.jpg
ハツオイイルハル.png,ハツオイイルハル.png
ハマノツルギ.jpg,ハマノツルギ.jpg
ハルシエシス.jpg,ハルシエシス.jpg
ハルモニア.jpg,ハルモニア.jpg
ハンドキャノン.jpg,ハンドキャノン.jpg
ハートビートミトン.jpg,ハートビートミトン.jpg
ハート・ソングバーズ.png,ハート・ソングバーズ.png
ハーバル・バスケット.jpg,ハーバル・バスケット.jpg
ハープ・オブ・コスモス.png,ハープ・オブ・コスモス.png
ハープ・オブ・ハルワアムル.png,ハープ・オブ・ハルワアムル.png
ハーリク・シャーティ.jpg,ハーリク・シャーティ.jpg
ビエント・ディ・スパーダ.jpg,ビエント・ディ・スパーダ.jpg
ビガ・エドフ.jpg,ビガ・エドフ.jpg
ビスマルク.png,ビスマルク.png
ビヨンド・ザ・ディマイズ.jpg,ビヨンド・ザ・ディマイズ.jpg
ビーチ・グロウノス.jpg,ビーチ・グロウノス.jpg
ピストレア・ブーケ.jpg,ピストレア・ブーケ.jpg
ピラム.png,ピラム.png
ピンキーニードル.png,ピンキーニードル.png
ピンク・エーテリアル.png,ピンク・エーテリアル.png
ヒヒイロカネ飾ってみた.jpg,ヒヒイロカネ飾ってみた.jpg
ヒュプノスクリス.png,ヒュプノスクリス.png
ヒロイックボウ.png,ヒロイックボウ.png
ヒート・オブ・ザ・サン.png,ヒート・オブ・ザ・サン.png
ブライト&サイレンス.jpg,ブライト&サイレンス.jpg
ブライドキーパー.jpg,ブライドキーパー.jpg
ブラインド・アンド・ストレイン.jpg,ブラインド・アンド・ストレイン.jpg
ブラスト・ソード.png,ブラスト・ソード.png
ブラックアックス.png,ブラックアックス.png
ブラックローズ.png,ブラックローズ.png
ブラック・アンド・ダークネス.png,ブラック・アンド・ダークネス.png
ブラック・ウロボロス.png,ブラック・ウロボロス.png
ブラッディスカー.png,ブラッディスカー.png
ブラッドコーラル.jpg,ブラッドコーラル.jpg
ブラビューラ.png,ブラビューラ.png
ブラフマンガントレ.png,ブラフマンガントレ.png
ブラフマンシミター.png,ブラフマンシミター.png
ブラフマントライデント.png,ブラフマントライデント.png
ブランウェンハープ.png,ブランウェンハープ.png
ブランドニューメロディ.png,ブランドニューメロディ.png
ブリューナク.png,ブリューナク.png
ブルトガング.png,ブルトガング.png
ブルースフィア.png,ブルースフィア.png
ブルータル・ハープーン.png,ブルータル・ハープーン.png
ブルーライトニング.jpg,ブルーライトニング.jpg
ブレイジングランス.jpg,ブレイジングランス.jpg
ブレイド・オブ・コスモス.png,ブレイド・オブ・コスモス.png
ブレイブソード.png,ブレイブソード.png
ブレード・オブ・ロイヤリティ.jpg,ブレード・オブ・ロイヤリティ.jpg
ブロックバスター.jpg,ブロックバスター.jpg
ブロッサムアクス.png,ブロッサムアクス.png
プラズマクラック.png,プラズマクラック.png
プラズマジグソー.png,プラズマジグソー.png
プルメリアンセプター.jpg,プルメリアンセプター.jpg
プレイ・オブ・テンペランス.png,プレイ・オブ・テンペランス.png
プレデタークロー.png,プレデタークロー.png
プロエリウム.png,プロエリウム.png
プロキシモ.png,プロキシモ.png
プロキシモ・ウヌ.png,プロキシモ・ウヌ.png
プロキシモ・クヴァール.png,プロキシモ・クヴァール.png
プロキシモ・クヴィン.png,プロキシモ・クヴィン.png
プロキシモ・セス.png,プロキシモ・セス.png
プロキシモ・ドゥ.png,プロキシモ・ドゥ.png
プロキシモ・トリ.png,プロキシモ・トリ.png
プロキシモ・リビルド.png,プロキシモ・リビルド.png
プログレッシブナイフ・汎人用.jpg,プログレッシブナイフ・汎人用.jpg
プロトタイプ.png,プロトタイプ.png
プロミス.png,プロミス.png
ファイア・オブ・プロメテウス.png,ファイア・オブ・プロメテウス.png
ファウスト.png,ファウスト.png
ファウスト・ウヌ.png,ファウスト・ウヌ.png
ファウスト・クヴァール.png,ファウスト・クヴァール.png
ファウスト・クヴィン.png,ファウスト・クヴィン.png
ファウスト・セス.png,ファウスト・セス.png
ファウスト・ドゥ.png,ファウスト・ドゥ.png
ファウスト・トリ.png,ファウスト・トリ.png
ファウスト・リビルド.png,ファウスト・リビルド.png
ファラウェイ.png,ファラウェイ.png
ファンゴルン.png,ファンゴルン.png
ファントムクロー.png,ファントムクロー.png
ファントムシーフナイフ.png,ファントムシーフナイフ.png
フィンブル.png,フィンブル.png
フィーストシグナ.jpg,フィーストシグナ.jpg
フェアトラウエン.jpg,フェアトラウエン.jpg
フェアネスマーク.png,フェアネスマーク.png
フェアーソード.png,フェアーソード.png
フェイトルーラー.png,フェイトルーラー.png
フェイトレス.png,フェイトレス.png
フェディエルスパイン.png,フェディエルスパイン.png
フェディエル・フロート.jpg,フェディエル・フロート.jpg
フェードラッヘフラッグ.png,フェードラッヘフラッグ.png
フォニックロッド.png,フォニックロッド.png
フォーセイクンアガスティ.jpg,フォーセイクンアガスティ.jpg
フォービドゥンアガスティ.jpg,フォービドゥンアガスティ.jpg
フォールン・ソード.png,フォールン・ソード.png
フュージョンメビウス.png,フュージョンメビウス.png
フライアウェイ.png,フライアウェイ.png
フライドスピア.jpg,フライドスピア.jpg
フライングA.png,フライングA.png
フラマ・オルビス.png,フラマ・オルビス.png
フルンティング.jpg,フルンティング.jpg
フレズヴェルク.jpg,フレズヴェルク.jpg
フロストイヴスピア.jpg,フロストイヴスピア.jpg
フロッティ.png,フロッティ.png
フローレンベルク.png,フローレンベルク.png
ベガルタ.png,ベガルタ.png
ベスちゃんにんぎょう.png,ベスちゃんにんぎょう.png
ベッラ・アエテルヌス.png,ベッラ・アエテルヌス.png
ベネディーア.png,ベネディーア.png
ベルタワー.png,ベルタワー.png
ベルファスト.jpg,ベルファスト.jpg
ベンベネト.jpg,ベンベネト.jpg
ペイン・アンド・ストレイン.jpg,ペイン・アンド・ストレイン.jpg
ペイン・オブ・デス.png,ペイン・オブ・デス.png
ペネトレイトインパルス.jpg,ペネトレイトインパルス.jpg
ペルセウス.png,ペルセウス.png
ヘヴンズクラウド.png,ヘヴンズクラウド.png
ヘカトンケイレス.png,ヘカトンケイレス.png
ヘリオガバルス・ミーレス.jpg,ヘリオガバルス・ミーレス.jpg
ヘルウォードダガー.png,ヘルウォードダガー.png
ヘルデンヒュムネ.jpg,ヘルデンヒュムネ.jpg
ヘルマニビス.png,ヘルマニビス.png
ボンサイブレード.png,ボンサイブレード.png
ボン・ジョワ.jpg,ボン・ジョワ.jpg
ホルアクティ.jpg,ホルアクティ.jpg
ホワイトウイング.png,ホワイトウイング.png
ホワイトホーク.png,ホワイトホーク.png
ホープナックル.png,ホープナックル.png
ホーリーナイトセプター.png,ホーリーナイトセプター.png
マイムールヴィジョン.png,マイムールヴィジョン.png
マイムールヴィジョン・ミーレス.jpg,マイムールヴィジョン・ミーレス.jpg
マイムールクローズ.png,マイムールクローズ.png
マギ・リアリジスセプター.png,マギ・リアリジスセプター.png
マグマガントレット.png,マグマガントレット.png
マグマストリーム.png,マグマストリーム.png
マザーマッドスパイン.jpg,マザーマッドスパイン.jpg
マジェスタス.png,マジェスタス.png
マシン・ソー.png,マシン・ソー.png
マシン・ボウ.png,マシン・ボウ.png
マスターキー.png,マスターキー.png
マナウィダンガントレ.png,マナウィダンガントレ.png
マナウィダンブレード.png,マナウィダンブレード.png
マナリアンホーリーロッド.png,マナリアンホーリーロッド.png
マモーナスグローブ.png,マモーナスグローブ.png
マリッジリング.jpg,マリッジリング.jpg
マリトッツォ.jpg,マリトッツォ.jpg
マリンエース.jpg,マリンエース.jpg
マリンエーテリアル.jpg,マリンエーテリアル.jpg
マルケサス.jpg,マルケサス.jpg
マルメテル・ハンマー.png,マルメテル・ハンマー.png
マンデト.jpg,マンデト.jpg
マーヴェリック・エーテリアル.jpg,マーヴェリック・エーテリアル.jpg
マーレ・オブ・ワールド.jpg,マーレ・オブ・ワールド.jpg
ミスティックブラシ.png,ミスティックブラシ.png
ミスティーク.jpg,ミスティーク.jpg
ミストルテイン.png,ミストルテイン.png
ミセリコルデ.png,ミセリコルデ.png
ミセリコルデ・ウヌ.png,ミセリコルデ・ウヌ.png
ミセリコルデ・クヴァール.png,ミセリコルデ・クヴァール.png
ミセリコルデ・クヴィン.png,ミセリコルデ・クヴィン.png
ミセリコルデ・セス.png,ミセリコルデ・セス.png
ミセリコルデ・ドゥ.png,ミセリコルデ・ドゥ.png
ミセリコルデ・トリ.png,ミセリコルデ・トリ.png
ミセリコルデ・リビルド.png,ミセリコルデ・リビルド.png
ミドガルドの裂斧.png,ミドガルドの裂斧.png
ミトロンの宝剣.png,ミトロンの宝剣.png
ミトロンの弓.png,ミトロンの弓.png
ミトロンの籠手.png,ミトロンの籠手.png
ミミングバゼラード.png,ミミングバゼラード.png
ミムメモ人形.png,ミムメモ人形.png
ミュルグレス.png,ミュルグレス.png
ミーティアライト.png,ミーティアライト.png
ムルシエラゴ.jpg,ムルシエラゴ.jpg
ムーンショテル.jpg,ムーンショテル.jpg
メタルハンド.png,メタルハンド.png
メタル・デストロイヤー.png,メタル・デストロイヤー.png
メテオラ.png,メテオラ.png
メドゥシアナステッキ.png,メドゥシアナステッキ.png
メドゥシアナ・フロート.jpg,メドゥシアナ・フロート.jpg
メビウス.png,メビウス.png
メモリアヴィオリーノ.jpg,メモリアヴィオリーノ.jpg
メモリアムブルーリア.jpg,メモリアムブルーリア.jpg
メルヴェイユ.png,メルヴェイユ.png
メロディックスフィア.png,メロディックスフィア.png
メロディ・オブ・ザ・ジャッジメント.png,メロディ・オブ・ザ・ジャッジメント.png
モンタギュオウス.png,モンタギュオウス.png
ヤイアのちゃーはん.jpg,ヤイアのちゃーはん.jpg
ユキハネ.png,ユキハネ.png
ユグドラシル・ブランチ.png,ユグドラシル・ブランチ.png
ライズ・オブ・ジャスティス.png,ライズ・オブ・ジャスティス.png
ライトオープナー.png,ライトオープナー.png
ライトニング・サヴァイヴ.png,ライトニング・サヴァイヴ.png
ライトニング・シュヴァルツ.png,ライトニング・シュヴァルツ.png
ラカン.jpg,ラカン.jpg
ラグランジュ.jpg,ラグランジュ.jpg
ラグーンエッジ.jpg,ラグーンエッジ.jpg
ラストストームハープ.png,ラストストームハープ.png
ラストストームブレイド.png,ラストストームブレイド.png
ラストストームランス.png,ラストストームランス.png
ラスト・シャフレワル.png,ラスト・シャフレワル.png
ラスト・シン.png,ラスト・シン.png
ラドリスの護剣.jpg,ラドリスの護剣.jpg
ラブライブ!ライト.png,ラブライブ!ライト.png
ラブリーエース.png,ラブリーエース.png
ラファエル.png,ラファエル.png
ラムスンド・ミーレス.jpg,ラムスンド・ミーレス.jpg
ランゲレイク.png,ランゲレイク.png
ランゲレイク・ウヌ.png,ランゲレイク・ウヌ.png
ランゲレイク・クヴァール.png,ランゲレイク・クヴァール.png
ランゲレイク・クヴィン.png,ランゲレイク・クヴィン.png
ランゲレイク・セス.png,ランゲレイク・セス.png
ランゲレイク・ドゥ.png,ランゲレイク・ドゥ.png
ランゲレイク・トリ.png,ランゲレイク・トリ.png
ランゲレイク・リビルド.png,ランゲレイク・リビルド.png
ランス・オブ・ケルヴィム.png,ランス・オブ・ケルヴィム.png
ランス・オブ・コスモス.png,ランス・オブ・コスモス.png
ランス・オブ・ニグレド.png,ランス・オブ・ニグレド.png
ランセット.png,ランセット.png
ラ・シルフィード.jpg,ラ・シルフィード.jpg
ラースファイア・ミーレス.jpg,ラースファイア・ミーレス.jpg
リスレット.png,リスレット.png
リターナースタッフ.png,リターナースタッフ.png
リトルヴァーミリオン.jpg,リトルヴァーミリオン.jpg
リトルブーケフルール.jpg,リトルブーケフルール.jpg
リバーススレッド.png,リバーススレッド.png
リフレクト・オブ・ザ・ムーン.png,リフレクト・オブ・ザ・ムーン.png
リボン.png,リボン.png
リボンチャームブレス.jpg,リボンチャームブレス.jpg
リユニオン.png,リユニオン.png
リング・オブ・サン.png,リング・オブ・サン.png
リング・オブ・ラファエル.png,リング・オブ・ラファエル.png
リンネ.png,リンネ.png
ルべウス・スティーリア.jpg,ルべウス・スティーリア.jpg
ルオーホーン.png,ルオーホーン.png
ルナのおともだち.png,ルナのおともだち.png
ルナ・ベアラー.png,ルナ・ベアラー.png
ルネサンス・ハープ.png,ルネサンス・ハープ.png
ルペルカリア.png,ルペルカリア.png
ル・オー・フロート.jpg,ル・オー・フロート.jpg
ル・フェイ.png,ル・フェイ.png
ル・ポーター・ド・リオン.jpg,ル・ポーター・ド・リオン.jpg
ルーナトゥム・プサルテリウム.jpg,ルーナトゥム・プサルテリウム.jpg
ルーリングペン.png,ルーリングペン.png
ルールクール.jpg,ルールクール.jpg
ルーン.png,ルーン.png
レイガン.png,レイガン.png
レインディアーホーン.png,レインディアーホーン.png
レインボーハンド.png,レインボーハンド.png
レインボーブレス.png,レインボーブレス.png
レヴィアンゲイズ・マグナ.png,レヴィアンゲイズ・マグナ.png
レヴィアンゲイズ・マレ.jpg,レヴィアンゲイズ・マレ.jpg
レヴィアンスピア・マグナ.png,レヴィアンスピア・マグナ.png
レヴィアンセプター・マグナ.png,レヴィアンセプター・マグナ.png
レヴィアンブレード・マレ.jpg,レヴィアンブレード・マレ.jpg
レヴィアンヘッド・マレ.jpg,レヴィアンヘッド・マレ.jpg
レヴィアンボウ・マグナ.png,レヴィアンボウ・マグナ.png
レヴィオンシューター.png,レヴィオンシューター.png
レヴェイエ.png,レヴェイエ.png
レオン・オブ・ワールド.jpg,レオン・オブ・ワールド.jpg
レター.png,レター.png
レッドサイクロン.png,レッドサイクロン.png
レッドスフィア.png,レッドスフィア.png
レッド・サン.png,レッド・サン.png
レルアバド.jpg,レルアバド.jpg
レーヴァテイン.png,レーヴァテイン.png
レールガン.png,レールガン.png
ロイヤルストレートフラッシュ.jpg,ロイヤルストレートフラッシュ.jpg
ロケットランチャー.png,ロケットランチャー.png
ロジックブレイカー.jpg,ロジックブレイカー.jpg
ロッド・オブ・コスモス.png,ロッド・オブ・コスモス.png
ロムフェーヤ.jpg,ロムフェーヤ.jpg
ロムルスの槍.png,ロムルスの槍.png
ロムルスの槍・ウヌ.png,ロムルスの槍・ウヌ.png
ロムルスの槍・クヴァール.png,ロムルスの槍・クヴァール.png
ロムルスの槍・クヴィン.png,ロムルスの槍・クヴィン.png
ロムルスの槍・セス.png,ロムルスの槍・セス.png
ロムルスの槍・ドゥ.png,ロムルスの槍・ドゥ.png
ロムルスの槍・トリ.png,ロムルスの槍・トリ.png
ロムルスの槍・リビルド.png,ロムルスの槍・リビルド.png
ロンギヌスの槍・汎人用.jpg,ロンギヌスの槍・汎人用.jpg
ロンゴミニアド.png,ロンゴミニアド.png
ローエングリン.png,ローエングリン.png
ローズクリスタルアクス.png,ローズクリスタルアクス.png
ローズクリスタルクロウ.png,ローズクリスタルクロウ.png
ローズクリスタルソード.png,ローズクリスタルソード.png
ローズクリスタルナイフ.png,ローズクリスタルナイフ.png
ローズクリスタルハープ.png,ローズクリスタルハープ.png
ローズクリスタルボウ.png,ローズクリスタルボウ.png
ローズクリスタルランス.png,ローズクリスタルランス.png
ローズクリスタルワンド.png,ローズクリスタルワンド.png
ローゼンボーゲン.png,ローゼンボーゲン.png
ローゼンボーゲン・ウヌ.png,ローゼンボーゲン・ウヌ.png
ローゼンボーゲン・クヴァール.png,ローゼンボーゲン・クヴァール.png
ローゼンボーゲン・クヴィン.png,ローゼンボーゲン・クヴィン.png
ローゼンボーゲン・セス.png,ローゼンボーゲン・セス.png
ローゼンボーゲン・ドゥ.png,ローゼンボーゲン・ドゥ.png
ローゼンボーゲン・トリ.png,ローゼンボーゲン・トリ.png
ローゼンボーゲン・リビルド.png,ローゼンボーゲン・リビルド.png
ローゼンメイデン.png,ローゼンメイデン.png
ロード・オブ・フレイム.jpg,ロード・オブ・フレイム.jpg
ワムデュスナイダリア.png,ワムデュスナイダリア.png
ワムデュス・サンタ.jpg,ワムデュス・サンタ.jpg
ワンド・オブ・ガブリエル.png,ワンド・オブ・ガブリエル.png
ワールド・エンド.png,ワールド・エンド.png
一伐槍.png,一伐槍.png
一伐槍・凪.png,一伐槍・凪.png
一伐槍・焔.png,一伐槍・焔.png
一伐槍・煉.png,一伐槍・煉.png
一伐槍・煌.png,一伐槍・煌.png
一伐槍・界.png,一伐槍・界.png
一伐槍・疾天.png,一伐槍・疾天.png
一伐槍・白天.png,一伐槍・白天.png
一伐槍・真.png,一伐槍・真.png
一伐槍・紅天.png,一伐槍・紅天.png
一伐槍・蒼天.png,一伐槍・蒼天.png
一伐槍・轟天.png,一伐槍・轟天.png
一伐槍・雪.png,一伐槍・雪.png
一伐槍・黒天.png,一伐槍・黒天.png
一期一振.png,一期一振.png
七彩華刀.jpg,七彩華刀.jpg
七星剣.png,七星剣.png
七星剣・凪.png,七星剣・凪.png
七星剣・焔.png,七星剣・焔.png
七星剣・煉.png,七星剣・煉.png
七星剣・煌.png,七星剣・煌.png
七星剣・界.png,七星剣・界.png
七星剣・疾天.png,七星剣・疾天.png
七星剣・白天.png,七星剣・白天.png
七星剣・真.png,七星剣・真.png
七星剣・紅天.png,七星剣・紅天.png
七星剣・蒼天.png,七星剣・蒼天.png
七星剣・轟天.png,七星剣・轟天.png
七星剣・雪.png,七星剣・雪.png
七星剣・黒天.png,七星剣・黒天.png
万象尽滅の三又槍.jpg,万象尽滅の三又槍.jpg
万象尽滅の宝剣.jpg,万象尽滅の宝剣.jpg
万象尽滅の楽弦.jpg,万象尽滅の楽弦.jpg
万象尽滅の貫弓.jpg,万象尽滅の貫弓.jpg
万象尽滅の鋭刃.jpg,万象尽滅の鋭刃.jpg
万象尽滅の鎧腕.jpg,万象尽滅の鎧腕.jpg
万魔の銃.png,万魔の銃.png
三寅斧.png,三寅斧.png
三寅斧・凪.png,三寅斧・凪.png
三寅斧・焔.png,三寅斧・焔.png
三寅斧・煉.png,三寅斧・煉.png
三寅斧・煌.png,三寅斧・煌.png
三寅斧・界.png,三寅斧・界.png
三寅斧・疾天.png,三寅斧・疾天.png
三寅斧・白天.png,三寅斧・白天.png
三寅斧・真.png,三寅斧・真.png
三寅斧・紅天.png,三寅斧・紅天.png
三寅斧・蒼天.png,三寅斧・蒼天.png
三寅斧・轟天.png,三寅斧・轟天.png
三寅斧・雪.png,三寅斧・雪.png
三寅斧・黒天.png,三寅斧・黒天.png
三日月.png,三日月.png
三日月宗近.png,三日月宗近.png
三相女神.png,三相女神.png
不動国行.png,不動国行.png
不死鳥の嘴刃.png,不死鳥の嘴刃.png
不死鳥の灯火.jpg,不死鳥の灯火.jpg
不死鳥の翼斧.png,不死鳥の翼斧.png
不毀の籠手.png,不毀の籠手.png
与力十手.png,与力十手.png
世界樹の幹甲・アルボス.jpg,世界樹の幹甲・アルボス.jpg
世界樹の晶剣・アルボス.jpg,世界樹の晶剣・アルボス.jpg
世界樹の晶剣・マグナ.png,世界樹の晶剣・マグナ.png
世界樹の蔦弓・マグナ.png,世界樹の蔦弓・マグナ.png
世界樹の雫刃・マグナ.png,世界樹の雫刃・マグナ.png
世界樹の雫弦・アルボス.jpg,世界樹の雫弦・アルボス.jpg
世界樹の雫枝・マグナ.png,世界樹の雫枝・マグナ.png
丙子椒林剣.png,丙子椒林剣.png
九界琴.png,九界琴.png
九界琴・凪.png,九界琴・凪.png
九界琴・焔.png,九界琴・焔.png
九界琴・煉.png,九界琴・煉.png
九界琴・煌.png,九界琴・煌.png
九界琴・界.png,九界琴・界.png
九界琴・疾天.png,九界琴・疾天.png
九界琴・白天.png,九界琴・白天.png
九界琴・真.png,九界琴・真.png
九界琴・紅天.png,九界琴・紅天.png
九界琴・蒼天.png,九界琴・蒼天.png
九界琴・轟天.png,九界琴・轟天.png
九界琴・雪.png,九界琴・雪.png
九界琴・黒天.png,九界琴・黒天.png
二王弓.png,二王弓.png
二王弓・凪.png,二王弓・凪.png
二王弓・焔.png,二王弓・焔.png
二王弓・煉.png,二王弓・煉.png
二王弓・煌.png,二王弓・煌.png
二王弓・界.png,二王弓・界.png
二王弓・疾天.png,二王弓・疾天.png
二王弓・白天.png,二王弓・白天.png
二王弓・真.png,二王弓・真.png
二王弓・紅天.png,二王弓・紅天.png
二王弓・蒼天.png,二王弓・蒼天.png
二王弓・轟天.png,二王弓・轟天.png
二王弓・雪.png,二王弓・雪.png
二王弓・黒天.png,二王弓・黒天.png
五指の誓鎖.jpg,五指の誓鎖.jpg
五神杖.png,五神杖.png
五神杖・凪.png,五神杖・凪.png
五神杖・焔.png,五神杖・焔.png
五神杖・煉.png,五神杖・煉.png
五神杖・煌.png,五神杖・煌.png
五神杖・界.png,五神杖・界.png
五神杖・疾天.png,五神杖・疾天.png
五神杖・白天.png,五神杖・白天.png
五神杖・真.png,五神杖・真.png
五神杖・紅天.png,五神杖・紅天.png
五神杖・蒼天.png,五神杖・蒼天.png
五神杖・轟天.png,五神杖・轟天.png
五神杖・雪.png,五神杖・雪.png
五神杖・黒天.png,五神杖・黒天.png
侠客の仁剣.jpg,侠客の仁剣.jpg
光の剣.png,光の剣.png
八命切.png,八命切.png
八命切・凪.png,八命切・凪.png
八命切・焔.png,八命切・焔.png
八命切・煉.png,八命切・煉.png
八命切・煌.png,八命切・煌.png
八命切・界.png,八命切・界.png
八命切・疾天.png,八命切・疾天.png
八命切・白天.png,八命切・白天.png
八命切・真.png,八命切・真.png
八命切・紅天.png,八命切・紅天.png
八命切・蒼天.png,八命切・蒼天.png
八命切・轟天.png,八命切・轟天.png
八命切・雪.png,八命切・雪.png
八命切・黒天.png,八命切・黒天.png
八幡薙刀.png,八幡薙刀.png
六崩拳.png,六崩拳.png
六崩拳・凪.png,六崩拳・凪.png
六崩拳・焔.png,六崩拳・焔.png
六崩拳・煉.png,六崩拳・煉.png
六崩拳・煌.png,六崩拳・煌.png
六崩拳・界.png,六崩拳・界.png
六崩拳・疾天.png,六崩拳・疾天.png
六崩拳・白天.png,六崩拳・白天.png
六崩拳・真.png,六崩拳・真.png
六崩拳・紅天.png,六崩拳・紅天.png
六崩拳・蒼天.png,六崩拳・蒼天.png
六崩拳・轟天.png,六崩拳・轟天.png
六崩拳・雪.png,六崩拳・雪.png
六崩拳・黒天.png,六崩拳・黒天.png
六道・普天幻魔.png,六道・普天幻魔.png
六道・氷逆天の戦棍.png,六道・氷逆天の戦棍.png
六道・灼滅天の刃鎌.png,六道・灼滅天の刃鎌.png
六道・裁考天の鳴弦.png,六道・裁考天の鳴弦.png
六道・道天浄土.png,六道・道天浄土.png
六道・黄木天の箭.png,六道・黄木天の箭.png
六韜軍配.jpg,六韜軍配.jpg
冬ノ霜柱.png,冬ノ霜柱.png
凛のマラカス.png,凛のマラカス.png
凛雅の花槍.jpg,凛雅の花槍.jpg
凱風絶刀.jpg,凱風絶刀.jpg
刀.png,刀.png
刃鏡片.png,刃鏡片.png
列剣フロガ.jpg,列剣フロガ.jpg
剛力丸・改.jpg,剛力丸・改.jpg
剣.png,剣.png
剣聖の袋竹刀.png,剣聖の袋竹刀.png
剱嶽.png,剱嶽.png
劫風の翼鋭.jpg,劫風の翼鋭.jpg
匕首・十六串呂.jpg,匕首・十六串呂.jpg
医王善杖.jpg,医王善杖.jpg
十六夜.png,十六夜.png
十天光輝の佩剣.png,十天光輝の佩剣.png
十天光輝の懐剣.png,十天光輝の懐剣.png
十天光輝の斤斧.png,十天光輝の斤斧.png
十天光輝の短銃.png,十天光輝の短銃.png
十天光輝の突弓.png,十天光輝の突弓.png
十天光輝の竪琴.png,十天光輝の竪琴.png
十天光輝の鉤爪.png,十天光輝の鉤爪.png
十天光輝の錫杖.png,十天光輝の錫杖.png
十天光輝の長槍.png,十天光輝の長槍.png
十天光輝の陣刀.png,十天光輝の陣刀.png
十狼雷.png,十狼雷.png
十狼雷・凪.png,十狼雷・凪.png
十狼雷・焔.png,十狼雷・焔.png
十狼雷・煉.png,十狼雷・煉.png
十狼雷・煌.png,十狼雷・煌.png
十狼雷・界.png,十狼雷・界.png
十狼雷・疾天.png,十狼雷・疾天.png
十狼雷・白天.png,十狼雷・白天.png
十狼雷・真.png,十狼雷・真.png
十狼雷・紅天.png,十狼雷・紅天.png
十狼雷・蒼天.png,十狼雷・蒼天.png
十狼雷・轟天.png,十狼雷・轟天.png
十狼雷・雪.png,十狼雷・雪.png
十狼雷・黒天.png,十狼雷・黒天.png
千の顔を持つ英雄.jpg,千の顔を持つ英雄.jpg
千代紙風車.jpg,千代紙風車.jpg
千子村正.png,千子村正.png
千子村正・再誕.png,千子村正・再誕.png
千子村正・月白.png,千子村正・月白.png
千子村正・漆黒.png,千子村正・漆黒.png
千子村正・猩々.png,千子村正・猩々.png
千子村正・琅玕.png,千子村正・琅玕.png
千子村正・落葉.png,千子村正・落葉.png
千子村正・露草.png,千子村正・露草.png
千年護持.jpg,千年護持.jpg
双創・凱狼雷.jpg,双創・凱狼雷.jpg
双竜槍.png,双竜槍.png
双葬・落天刃.jpg,双葬・落天刃.jpg
叡智と廻生の煌き.jpg,叡智と廻生の煌き.jpg
古戦場の遺刀.png,古戦場の遺刀.png
司法神の錫杖.png,司法神の錫杖.png
君と僕の桃色水平線.jpg,君と僕の桃色水平線.jpg
呪蝕の骸槍.jpg,呪蝕の骸槍.jpg
和道一文字.jpg,和道一文字.jpg
嘲りの鬼王槍.jpg,嘲りの鬼王槍.jpg
四天刃.png,四天刃.png
四天刃・凪.png,四天刃・凪.png
四天刃・焔.png,四天刃・焔.png
四天刃・煉.png,四天刃・煉.png
四天刃・煌.png,四天刃・煌.png
四天刃・界.png,四天刃・界.png
四天刃・疾天.png,四天刃・疾天.png
四天刃・白天.png,四天刃・白天.png
四天刃・真.png,四天刃・真.png
四天刃・紅天.png,四天刃・紅天.png
四天刃・蒼天.png,四天刃・蒼天.png
四天刃・轟天.png,四天刃・轟天.png
四天刃・雪.png,四天刃・雪.png
四天刃・黒天.png,四天刃・黒天.png
因果の楔針.jpg,因果の楔針.jpg
均衡の聖杖.jpg,均衡の聖杖.jpg
報恩の剣.jpg,報恩の剣.jpg
変幻之妙扇.jpg,変幻之妙扇.jpg
夏の宵・紫陽.jpg,夏の宵・紫陽.jpg
夏ノ陽炎.png,夏ノ陽炎.png
夜見之門.jpg,夜見之門.jpg
夢幻の蝋杖.jpg,夢幻の蝋杖.jpg
夢見の書.png,夢見の書.png
大地の剣.png,大地の剣.png
天の鹿児弓.png,天の鹿児弓.png
天叢雲剣.png,天叢雲剣.png
天叢雲剣・再誕.png,天叢雲剣・再誕.png
天叢雲剣・月白.png,天叢雲剣・月白.png
天叢雲剣・漆黒.png,天叢雲剣・漆黒.png
天叢雲剣・猩々.png,天叢雲剣・猩々.png
天叢雲剣・琅玕.png,天叢雲剣・琅玕.png
天叢雲剣・落葉.png,天叢雲剣・落葉.png
天叢雲剣・露草.png,天叢雲剣・露草.png
天干地支像・丑之飾.png,天干地支像・丑之飾.png
天干地支刀・卯之飾.jpg,天干地支刀・卯之飾.jpg
天干地支刀・戌之威.jpg,天干地支刀・戌之威.jpg
天干地支刀・未之飾.png,天干地支刀・未之飾.png
天干地支刀・申之飾.png,天干地支刀・申之飾.png
天干地支剣・巳之飾.jpg,天干地支剣・巳之飾.jpg
天干地支弓・午之飾.jpg,天干地支弓・午之飾.jpg
天干地支弓・酉之飾.png,天干地支弓・酉之飾.png
天干地支扇・辰之飾.jpg,天干地支扇・辰之飾.jpg
天干地支爪・寅之飾.jpg,天干地支爪・寅之飾.jpg
天干地支爪・戌之飾.png,天干地支爪・戌之飾.png
天干地支筒・子之飾.png,天干地支筒・子之飾.png
天干地支鈴・亥之飾.png,天干地支鈴・亥之飾.png
天枢・極星剣.jpg,天枢・極星剣.jpg
天華簪.png,天華簪.png
天風の鋭輪.jpg,天風の鋭輪.jpg
太刀魚.png,太刀魚.png
太歳精弓.png,太歳精弓.png
女王の一刺し.png,女王の一刺し.png
威光の逆鱗.jpg,威光の逆鱗.jpg
子マッチョ.jpg,子マッチョ.jpg
守畏禍棒.jpg,守畏禍棒.jpg
守護精霊の聖剣.png,守護精霊の聖剣.png
安心と信頼の赤箱御守り.png,安心と信頼の赤箱御守り.png
宝剣アンダリス.png,宝剣アンダリス.png
宝弓ロンドール.jpg,宝弓ロンドール.jpg
宵闇の堕杖.jpg,宵闇の堕杖.jpg
宿命鉄拳.png,宿命鉄拳.png
宿無し.png,宿無し.png
密偵の懐剣.jpg,密偵の懐剣.jpg
富嶽景弓.jpg,富嶽景弓.jpg
封印の杖.png,封印の杖.png
封鍵クラウストルム.png,封鍵クラウストルム.png
小型自動拳銃.png,小型自動拳銃.png
屠坐魔.jpg,屠坐魔.jpg
巌迫の躯杖.jpg,巌迫の躯杖.jpg
布都御魂.jpg,布都御魂.jpg
幻奏・沙界琴.jpg,幻奏・沙界琴.jpg
幽冥の兇爪.jpg,幽冥の兇爪.jpg
弓.png,弓.png
必滅弓.jpg,必滅弓.jpg
怨嗟の眼差し.jpg,怨嗟の眼差し.jpg
悪意を纏う凶器.jpg,悪意を纏う凶器.jpg
悪滅の雷.png,悪滅の雷.png
想い出の珈琲車厘.jpg,想い出の珈琲車厘.jpg
愛々傘.jpg,愛々傘.jpg
戦弓アウスヴァール.jpg,戦弓アウスヴァール.jpg
戦舞の矛.png,戦舞の矛.png
扇抜.png,扇抜.png
手斧.png,手斧.png
揺るがぬ大地の拳.png,揺るがぬ大地の拳.png
揺光.jpg,揺光.jpg
操制の魔刃.jpg,操制の魔刃.jpg
支配の天秤.png,支配の天秤.png
散沙牡丹・夕時雨.jpg,散沙牡丹・夕時雨.jpg
数珠丸.png,数珠丸.png
斧.png,斧.png
断罪の黎刃.jpg,断罪の黎刃.jpg
新神気鋭・猫之印.jpg,新神気鋭・猫之印.jpg
旅立ちの魔箒.jpg,旅立ちの魔箒.jpg
日輪刀.png,日輪刀.png
日輪橙音.png,日輪橙音.png
日輪鈴.jpg,日輪鈴.jpg
星屑の聖杖.png,星屑の聖杖.png
春ノ柔風.png,春ノ柔風.png
春乱・真打.jpg,春乱・真打.jpg
晩蝉.jpg,晩蝉.jpg
晴風番傘・花緑青.jpg,晴風番傘・花緑青.jpg
暁.png,暁.png
暁闇と葬送の蝕み.jpg,暁闇と葬送の蝕み.jpg
暇無し.png,暇無し.png
月刊キラメキVoL.29.jpg,月刊キラメキVoL.29.jpg
木太刀.png,木太刀.png
朱槍.png,朱槍.png
朱雀光剣.png,朱雀光剣.png
朱雀光剣・王.png,朱雀光剣・王.png
朱雀光剣・覇.png,朱雀光剣・覇.png
朱雀光剣・邪.png,朱雀光剣・邪.png
朱雀翼弦.png,朱雀翼弦.png
杖.png,杖.png
果てぬ風呼の魔弓.png,果てぬ風呼の魔弓.png
柘榴石の鉞.png,柘榴石の鉞.png
格闘.png,格闘.png
桃色の団扇.png,桃色の団扇.png
梵天添甲.png,梵天添甲.png
森神の祈杖.png,森神の祈杖.png
極マリシ烈火ノ太刀.png,極マリシ烈火ノ太刀.png
極・白刃.png,極・白刃.png
極神剣.png,極神剣.png
楽器.png,楽器.png
槍.png,槍.png
橄欖の弩.png,橄欖の弩.png
武王の鉄剣.png,武王の鉄剣.png
殊無し.jpg,殊無し.jpg
毒手.png,毒手.png
水天の福音.jpg,水天の福音.jpg
水宝玉の手斧.png,水宝玉の手斧.png
水禍の麗傘.jpg,水禍の麗傘.jpg
氷星の煌杖.png,氷星の煌杖.png
氷晶刃.jpg,氷晶刃.jpg
氷晶杖.png,氷晶杖.png
永遠の知識求る竪琴.png,永遠の知識求る竪琴.png
永遠の落款.jpg,永遠の落款.jpg
永遠拒絶の剣(限界超越).jpg,永遠拒絶の剣(限界超越).jpg
永遠拒絶の剣.png,永遠拒絶の剣.png
永遠拒絶の大鎌(限界超越).jpg,永遠拒絶の大鎌(限界超越).jpg
永遠拒絶の大鎌.png,永遠拒絶の大鎌.png
永遠拒絶の太刀(限界超越).jpg,永遠拒絶の太刀(限界超越).jpg
永遠拒絶の太刀.png,永遠拒絶の太刀.png
永遠拒絶の杖(限界超越).jpg,永遠拒絶の杖(限界超越).jpg
永遠拒絶の杖.png,永遠拒絶の杖.png
永遠拒絶の槍(限界超越).jpg,永遠拒絶の槍(限界超越).jpg
永遠拒絶の槍.png,永遠拒絶の槍.png
永遠拒絶の竪琴(限界超越).jpg,永遠拒絶の竪琴(限界超越).jpg
永遠拒絶の竪琴.png,永遠拒絶の竪琴.png
河豚毒.png,河豚毒.png
泡沫夢幻.png,泡沫夢幻.png
洞爺湖木刀.jpg,洞爺湖木刀.jpg
海の家のラーメン.jpg,海の家のラーメン.jpg
清めと祓いの刃.png,清めと祓いの刃.png
温羅面金色之装.jpg,温羅面金色之装.jpg
溟渤と激流の裁き.jpg,溟渤と激流の裁き.jpg
滅尽剣.jpg,滅尽剣.jpg
火尖鎗.png,火尖鎗.png
火雷大神.png,火雷大神.png
災禍の呪杖.jpg,災禍の呪杖.jpg
炎の柱.png,炎の柱.png
炎威の翼鎌.jpg,炎威の翼鎌.jpg
烈弩宇威愚魂.png,烈弩宇威愚魂.png
焔ノ太刀.png,焔ノ太刀.png
焚身怨甲.jpg,焚身怨甲.jpg
無垢鳥有刀.jpg,無垢鳥有刀.jpg
無我・天伐槍.jpg,無我・天伐槍.jpg
無明滅却杵.jpg,無明滅却杵.jpg
燦花.jpg,燦花.jpg
爆豪の籠手.jpg,爆豪の籠手.jpg
牛鬼包丁.png,牛鬼包丁.png
特注合金製ヨーヨー.jpg,特注合金製ヨーヨー.jpg
狂飆と至高の祈り.jpg,狂飆と至高の祈り.jpg
献誠・煌神杖.jpg,献誠・煌神杖.jpg
獅子王戦拳.png,獅子王戦拳.png
玄武殻拳.png,玄武殻拳.png
玄武甲槌.png,玄武甲槌.png
玄武甲槌・王.png,玄武甲槌・王.png
玄武甲槌・覇.png,玄武甲槌・覇.png
玄武甲槌・邪.png,玄武甲槌・邪.png
瑠璃茉莉髪帯.png,瑠璃茉莉髪帯.png
甘々柘榴の鉞.jpg,甘々柘榴の鉞.jpg
白司雕竜.jpg,白司雕竜.jpg
白氷碧扇.jpg,白氷碧扇.jpg
白耀剣.jpg,白耀剣.jpg
白芍巾着.jpg,白芍巾着.jpg
白虎咆拳.png,白虎咆拳.png
白虎咆拳・王.png,白虎咆拳・王.png
白虎咆拳・覇.png,白虎咆拳・覇.png
白虎咆拳・邪.png,白虎咆拳・邪.png
白虎牙杖.png,白虎牙杖.png
白銀の弓.png,白銀の弓.png
白銀の煌槍.jpg,白銀の煌槍.jpg
盗賊の極意.jpg,盗賊の極意.jpg
盛夏と休息の剣.jpg,盛夏と休息の剣.jpg
盟道・廻崩拳.jpg,盟道・廻崩拳.jpg
相州正宗.png,相州正宗.png
真・普天幻魔.png,真・普天幻魔.png
真・氷逆天の戦棍.png,真・氷逆天の戦棍.png
真・灼滅天の刃鎌.png,真・灼滅天の刃鎌.png
真・裁考天の鳴弦.png,真・裁考天の鳴弦.png
真・道天浄土.png,真・道天浄土.png
真・黄木天の箭.png,真・黄木天の箭.png
真打・無命切.jpg,真打・無命切.jpg
真武虎薙.png,真武虎薙.png
真滅・覇王弓.jpg,真滅・覇王弓.jpg
真理の短剣.jpg,真理の短剣.jpg
短剣.png,短剣.png
砂城の宮樂弦.png,砂城の宮樂弦.png
硬の拳.jpg,硬の拳.jpg
硬式ナッコォ.png,硬式ナッコォ.png
祝命の霊角.jpg,祝命の霊角.jpg
神刃エクス・アシャワン.jpg,神刃エクス・アシャワン.jpg
神剣エクス・ペリオン.jpg,神剣エクス・ペリオン.jpg
神尽エクス・ミトラカルナ.jpg,神尽エクス・ミトラカルナ.jpg
神弓エクス・アウストラリス.jpg,神弓エクス・アウストラリス.jpg
神弓エクス・クローダ.jpg,神弓エクス・クローダ.jpg
神授のリラ.png,神授のリラ.png
神旺エクス・アリスタルコス.jpg,神旺エクス・アリスタルコス.jpg
神旺エクス・エピアルテス.jpg,神旺エクス・エピアルテス.jpg
神杖エクス・ハマルティア.jpg,神杖エクス・ハマルティア.jpg
神杖エクス・ヘリオセント.jpg,神杖エクス・ヘリオセント.jpg
神槍エクス・クシャスラ.jpg,神槍エクス・クシャスラ.jpg
神銃エクス・アンタイオス.jpg,神銃エクス・アンタイオス.jpg
神銃エクス・エヴィルエニス.jpg,神銃エクス・エヴィルエニス.jpg
禁命の廻杖.jpg,禁命の廻杖.jpg
禁命の悍弓.jpg,禁命の悍弓.jpg
禁命の禍剣.jpg,禁命の禍剣.jpg
禁望の憧弦.jpg,禁望の憧弦.jpg
禁望の禍刀.jpg,禁望の禍刀.jpg
禁望の輝弓.jpg,禁望の輝弓.jpg
禁栄の灼拳.jpg,禁栄の灼拳.jpg
禁栄の禍槍.jpg,禁栄の禍槍.jpg
禁栄の絶砲.jpg,禁栄の絶砲.jpg
禁破の封槌.jpg,禁破の封槌.jpg
禁破の抉槍.jpg,禁破の抉槍.jpg
禁破の禍刃.jpg,禁破の禍刃.jpg
秋ノ落葉.png,秋ノ落葉.png
秘丹弥虚羅多包丁.png,秘丹弥虚羅多包丁.png
秘刀ヴェルヴェーヌ.jpg,秘刀ヴェルヴェーヌ.jpg
稜鏡の鎚杖.png,稜鏡の鎚杖.png
究極不変のダイアグラム.jpg,究極不変のダイアグラム.jpg
空気砲.jpg,空気砲.jpg
穿ち門松.png,穿ち門松.png
突込の一撃.jpg,突込の一撃.jpg
竜伐の剛牙.jpg,竜伐の剛牙.jpg
竜伐の撃爪.jpg,竜伐の撃爪.jpg
竜槍.png,竜槍.png
童子切安綱.jpg,童子切安綱.jpg
第一子行弾弓.jpg,第一子行弾弓.jpg
第一子行霊杖.jpg,第一子行霊杖.jpg
第一子行鞭.jpg,第一子行鞭.jpg
第三双寅行弓.jpg,第三双寅行弓.jpg
第九申行棒.png,第九申行棒.png
第二丑行柔爪.jpg,第二丑行柔爪.jpg
第二丑行浮輪.jpg,第二丑行浮輪.jpg
第八綿羊行刃.png,第八綿羊行刃.png
第八綿羊行太刀.jpg,第八綿羊行太刀.jpg
第十一戌行刃.jpg,第十一戌行刃.jpg
第十一戌行袋爪.jpg,第十一戌行袋爪.jpg
第十二猪行槍.png,第十二猪行槍.png
第十酉行杖.jpg,第十酉行杖.jpg
第十酉行筒.jpg,第十酉行筒.jpg
第四卯行突匙.jpg,第四卯行突匙.jpg
紅陽扇.png,紅陽扇.png
紫梓想憧.jpg,紫梓想憧.jpg
紫紅ノ霆風.jpg,紫紅ノ霆風.jpg
絶壊・威寅斧.jpg,絶壊・威寅斧.jpg
絶対否定の剣(限界超越).jpg,絶対否定の剣(限界超越).jpg
絶対否定の剣.png,絶対否定の剣.png
絶対否定の大鎌(限界超越).jpg,絶対否定の大鎌(限界超越).jpg
絶対否定の大鎌.png,絶対否定の大鎌.png
絶対否定の太刀(限界超越).jpg,絶対否定の太刀(限界超越).jpg
絶対否定の太刀.png,絶対否定の太刀.png
絶対否定の杖(限界超越).jpg,絶対否定の杖(限界超越).jpg
絶対否定の杖.png,絶対否定の杖.png
絶対否定の槍(限界超越).jpg,絶対否定の槍(限界超越).jpg
絶対否定の槍.png,絶対否定の槍.png
絶対否定の竪琴(限界超越).jpg,絶対否定の竪琴(限界超越).jpg
絶対否定の竪琴.png,絶対否定の竪琴.png
絶拳.png,絶拳.png
綉毬.jpg,綉毬.jpg
緋紋の絢斧.png,緋紋の絢斧.png
緋翔蒼舞扇.jpg,緋翔蒼舞扇.jpg
緋舞扇.png,緋舞扇.png
美と慈愛の杖.png,美と慈愛の杖.png
義勇のキリジ.jpg,義勇のキリジ.jpg
聖域の守護剣.png,聖域の守護剣.png
聖域の錫杖.png,聖域の錫杖.png
聖布の槍.png,聖布の槍.png
聖狐狸弦.png,聖狐狸弦.png
英雄王の戦斧.png,英雄王の戦斧.png
英雄王の槍.png,英雄王の槍.png
蒼宵光華.png,蒼宵光華.png
蒼桜紅葉丸.jpg,蒼桜紅葉丸.jpg
蒼紅之華刀.png,蒼紅之華刀.png
薄緑.png,薄緑.png
藍炎之刃.jpg,藍炎之刃.jpg
虎鶇.jpg,虎鶇.jpg
虚無ノ哭風.png,虚無ノ哭風.png
虚空の拝腕.png,虚空の拝腕.png
虚空の晶塊.png,虚空の晶塊.png
虚空の楔槍.png,虚空の楔槍.png
虚空の歪弦.png,虚空の歪弦.png
虚空の裂剣.png,虚空の裂剣.png
虹の弓.png,虹の弓.png
虹の琴.jpg,虹の琴.jpg
術繰の籠手.jpg,術繰の籠手.jpg
裁きの鳴雷.png,裁きの鳴雷.png
西風の竪琴.png,西風の竪琴.png
角力軍配.jpg,角力軍配.jpg
記録のフュルフェーダー.jpg,記録のフュルフェーダー.jpg
誓いと洗礼の剣.png,誓いと洗礼の剣.png
豊穣と恩愛の寿ぎ.jpg,豊穣と恩愛の寿ぎ.jpg
貫き門松.png,貫き門松.png
赤き熾炎の剣.png,赤き熾炎の剣.png
超カッコいいライフル.png,超カッコいいライフル.png
輝剣クラウ・ソラス.png,輝剣クラウ・ソラス.png
輝剣クラウ・ソラス・ディオン.jpg,輝剣クラウ・ソラス・ディオン.jpg
輝羅煌閃杖.png,輝羅煌閃杖.png
迦具夜之扇子.jpg,迦具夜之扇子.jpg
追幻妄執具弦.jpg,追幻妄執具弦.jpg
追熟の烈酒.jpg,追熟の烈酒.jpg
醤箸玉杯.jpg,醤箸玉杯.jpg
金属バット.png,金属バット.png
銀氷の槍グレイシャー.png,銀氷の槍グレイシャー.png
銃.png,銃.png
閃刃の剣斧.png,閃刃の剣斧.png
闇の子の歯牙.png,闇の子の歯牙.png
阿修羅.png,阿修羅.png
降魔の包丁.png,降魔の包丁.png
隷獣と神使の鎖弓.jpg,隷獣と神使の鎖弓.jpg
雄渾と灼熱の調べ.jpg,雄渾と灼熱の調べ.jpg
雷上動.png,雷上動.png
雷公刃ユピテル.png,雷公刃ユピテル.png
雷切.png,雷切.png
雷神矛.png,雷神矛.png
霧氷剣ペルソス.png,霧氷剣ペルソス.png
青竜牙矛.png,青竜牙矛.png
青竜牙矛・王.png,青竜牙矛・王.png
青竜牙矛・覇.png,青竜牙矛・覇.png
青竜牙矛・邪.png,青竜牙矛・邪.png
青竜髭刃.png,青竜髭刃.png
青紅葉.jpg,青紅葉.jpg
響魂の鼓.png,響魂の鼓.png
響魂の鼓・再誕.png,響魂の鼓・再誕.png
響魂の鼓・月白.png,響魂の鼓・月白.png
響魂の鼓・漆黒.png,響魂の鼓・漆黒.png
響魂の鼓・猩々.png,響魂の鼓・猩々.png
響魂の鼓・琅玕.png,響魂の鼓・琅玕.png
響魂の鼓・落葉.png,響魂の鼓・落葉.png
響魂の鼓・露草.png,響魂の鼓・露草.png
願いのアーデ・ゲーツェ.jpg,願いのアーデ・ゲーツェ.jpg
風信子の護剣.png,風信子の護剣.png
風神剣.png,風神剣.png
骨食.jpg,骨食.jpg
鬼丸国綱.png,鬼丸国綱.png
鬼切安綱.jpg,鬼切安綱.jpg
鬼神の籠手.png,鬼神の籠手.png
鬼神の籠手・再誕.png,鬼神の籠手・再誕.png
鬼神の籠手・月白.png,鬼神の籠手・月白.png
鬼神の籠手・漆黒.png,鬼神の籠手・漆黒.png
鬼神の籠手・猩々.png,鬼神の籠手・猩々.png
鬼神の籠手・琅玕.png,鬼神の籠手・琅玕.png
鬼神の籠手・落葉.png,鬼神の籠手・落葉.png
鬼神の籠手・露草.png,鬼神の籠手・露草.png
魔剣天魔.jpg,魔剣天魔.jpg
鶴丸国永.png,鶴丸国永.png
麒麟剣.png,麒麟剣.png
麒麟弓.png,麒麟弓.png
麒麟弦.png,麒麟弦.png
麺や油星幟.jpg,麺や油星幟.jpg
黄龍刀.png,黄龍刀.png
黄龍拳.png,黄龍拳.png
黄龍槍.png,黄龍槍.png
黒の鉤爪.jpg,黒の鉤爪.jpg
黒旋風.png,黒旋風.png
黒漆太刀.jpg,黒漆太刀.jpg
黒獅子の牙斧.jpg,黒獅子の牙斧.jpg
黒竜のアギト.png,黒竜のアギト.png
黒竜騎士団制式帯剣・対竜.jpg,黒竜騎士団制式帯剣・対竜.jpg
黒紫舞傘.jpg,黒紫舞傘.jpg
黒銀の滅爪.png,黒銀の滅爪.png
龍虎双滅拳.png,龍虎双滅拳.png
